country,region,score,year,GDPperCapita,socialSupport,healthyLifeExp,freedom,generosity,corruptionPerception,score_cat,fold,time,ctime,r1,r2,r3,r4,r5,r6
Afghanistan,Asia,3.575,2015,0.31982,0.30285,0.30335,0.23414,0.3651,0.09719,0,0,0,000,1,0,0,0,0,0
Afghanistan,Asia,3.36,2016,0.38227,0.11037,0.17344,0.1643,0.31268,0.07112,0,0,1,001,1,0,0,0,0,0
Afghanistan,Asia,3.7939999104,2017,0.4014772177,0.5815433264,0.1807467788,0.1061795205,0.3118709326,0.0611578301,0,0,2,002,1,0,0,0,0,0
Afghanistan,Asia,3.632,2018,0.332,0.537,0.255,0.085,0.191,0.036,0,0,3,003,1,0,0,0,0,0
Afghanistan,Asia,3.203,2019,0.35,0.517,0.361,0,0.158,0.025,0,0,4,004,1,0,0,0,0,0
Albania,Central and Eastern Europe,4.959,2015,0.87867,0.80434,0.81325,0.35733,0.14272,0.06413,0,0,0,000,0,1,0,0,0,0
Albania,Central and Eastern Europe,4.655,2016,0.9553,0.50163,0.73007,0.31866,0.1684,0.05301,0,0,1,001,0,1,0,0,0,0
Albania,Central and Eastern Europe,4.6440000534,2017,0.9961927533,0.8036852479,0.7311597466,0.3814986348,0.2013129443,0.039864216,0,0,2,002,0,1,0,0,0,0
Albania,Central and Eastern Europe,4.586,2018,0.916,0.817,0.79,0.419,0.149,0.032,0,0,3,003,0,1,0,0,0,0
Albania,Central and Eastern Europe,4.719,2019,0.947,0.848,0.874,0.383,0.178,0.027,0,0,4,004,0,1,0,0,0,0
Algeria,Middle East and North Africa,5.605,2015,0.93929,1.07772,0.61766,0.28579,0.07822,0.17383,1,0,0,000,0,0,0,0,1,0
Algeria,Middle East and North Africa,6.355,2016,1.05266,0.83309,0.61804,0.21006,0.07044,0.16157,1,0,1,001,0,0,0,0,1,0
Algeria,Middle East and North Africa,5.8720002174,2017,1.0918644667,1.1462174654,0.6175846457,0.2333358079,0.069436647,0.1460961103,1,0,2,002,0,0,0,0,1,0
Algeria,Middle East and North Africa,5.295,2018,0.979,1.154,0.687,0.077,0.055,0.135,1,0,3,003,0,0,0,0,1,0
Algeria,Middle East and North Africa,5.211,2019,1.002,1.16,0.785,0.086,0.073,0.114,1,0,4,004,0,0,0,0,1,0
Angola,Sub-Saharan Africa,4.033,2015,0.75778,0.8604,0.16683,0.10384,0.12344,0.07122,0,0,0,000,0,0,0,0,0,0
Angola,Sub-Saharan Africa,3.866,2016,0.84731,0.66366,0.04991,0.00589,0.12071,0.08434,0,0,1,001,0,0,0,0,0,0
Angola,Sub-Saharan Africa,3.7950000763,2017,0.8584281802,1.1044119596,0.0498686656,0,0.09792649,0.0697203353,0,0,2,002,0,0,0,0,0,0
Angola,Sub-Saharan Africa,3.795,2018,0.73,1.125,0.269,0,0.079,0.061,0,0,3,003,0,0,0,0,0,0
Angola,Sub-Saharan Africa,,2019,,,,,,,0,0,4,004,0,0,0,0,0,0
Argentina,Latin America and Caribbean,6.574,2015,1.05351,1.24823,0.78723,0.44974,0.11451,0.08484,1,0,0,000,0,0,0,1,0,0
Argentina,Latin America and Caribbean,6.65,2016,1.15137,1.06612,0.69711,0.42284,0.10989,0.07296,1,0,1,001,0,0,0,1,0,0
Argentina,Latin America and Caribbean,6.5989999771,2017,1.1852954626,1.4404511452,0.6951370835,0.4945192039,0.1094570607,0.0597398877,1,0,2,002,0,0,0,1,0,0
Argentina,Latin America and Caribbean,6.388,2018,1.073,1.468,0.744,0.57,0.062,0.054,1,0,3,003,0,0,0,1,0,0
Argentina,Latin America and Caribbean,6.086,2019,1.092,1.432,0.881,0.471,0.066,0.05,1,0,4,004,0,0,0,1,0,0
Armenia,Commonwealth of Independent States,4.35,2015,0.76821,0.77711,0.7299,0.19847,0.07855,0.039,0,0,0,000,0,0,1,0,0,0
Armenia,Commonwealth of Independent States,4.36,2016,0.86086,0.62477,0.64083,0.14037,0.07793,0.03616,0,0,1,001,0,0,1,0,0,0
Armenia,Commonwealth of Independent States,4.3759999275,2017,0.9005967379,1.0074837208,0.637524426,0.1983032674,0.0834880918,0.0266744215,0,0,2,002,0,0,1,0,0,0
Armenia,Commonwealth of Independent States,4.321,2018,0.816,0.99,0.666,0.26,0.077,0.028,0,0,3,003,0,0,1,0,0,0
Armenia,Commonwealth of Independent States,4.559,2019,0.85,1.055,0.815,0.283,0.095,0.064,0,0,4,004,0,0,1,0,0,0
Australia,"NA, ANZ, and Western Europe",7.284,2015,1.33358,1.30923,0.93156,0.65124,0.43562,0.35637,1,0,0,000,0,0,0,0,0,1
Australia,"NA, ANZ, and Western Europe",7.313,2016,1.44443,1.10476,0.8512,0.56837,0.47407,0.32331,1,0,1,001,0,0,0,0,0,1
Australia,"NA, ANZ, and Western Europe",7.2839999199,2017,1.4844149351,1.5100419521,0.8438867927,0.6016073823,0.47769925,0.3011837304,1,0,2,002,0,0,0,0,0,1
Australia,"NA, ANZ, and Western Europe",7.272,2018,1.34,1.573,0.91,0.647,0.361,0.302,1,0,3,003,0,0,0,0,0,1
Australia,"NA, ANZ, and Western Europe",7.228,2019,1.372,1.548,1.036,0.557,0.332,0.29,1,0,4,004,0,0,0,0,0,1
Cameroon,Sub-Saharan Africa,4.252,2015,0.4225,0.88767,0.23402,0.49309,0.20618,0.05786,0,0,0,000,0,0,0,0,0,0
Cameroon,Sub-Saharan Africa,4.513,2016,0.52497,0.62542,0.12698,0.42736,0.2268,0.06126,0,0,1,001,0,0,0,0,0,0
Cameroon,Sub-Saharan Africa,4.6950001717,2017,0.5643053651,0.946018219,0.1328921169,0.4303887486,0.2362984568,0.0513066314,0,0,2,002,0,0,0,0,0,0
Cameroon,Sub-Saharan Africa,4.975,2018,0.535,0.891,0.182,0.454,0.183,0.043,0,0,3,003,0,0,0,0,0,0
Cameroon,Sub-Saharan Africa,5.044,2019,0.549,0.91,0.331,0.381,0.187,0.037,1,0,4,004,0,0,0,0,0,0
Central African Republ,Sub-Saharan Africa,3.678,2015,0.0785,0,0.06699,0.48879,0.23835,0.08289,0,0,0,000,0,0,0,0,0,0
Central African Republ,Sub-Saharan Africa,,2016,,,,,,,0,0,1,001,0,0,0,0,0,0
Central African Republ,Sub-Saharan Africa,2.6930000782,2017,0,0,0.0187726859,0.2708420455,0.2808764875,0.0565650761,0,0,2,002,0,0,0,0,0,0
Central African Republ,Sub-Saharan Africa,3.083,2018,0.024,0,0.01,0.305,0.218,0.038,0,0,3,003,0,0,0,0,0,0
Central African Republ,Sub-Saharan Africa,3.083,2019,0.026,0,0.105,0.225,0.235,0.035,0,0,4,004,0,0,0,0,0,0
Chad,Sub-Saharan Africa,3.667,2015,0.34193,0.76062,0.1501,0.23501,0.18386,0.05269,0,0,0,000,0,0,0,0,0,0
Chad,Sub-Saharan Africa,3.763,2016,0.42214,0.63178,0.03824,0.12807,0.18667,0.04952,0,0,1,001,0,0,0,0,0,0
Chad,Sub-Saharan Africa,3.9360001087,2017,0.4380129874,0.9538558722,0.0411347151,0.1623420268,0.2161138505,0.0535818823,0,0,2,002,0,0,0,0,0,0
Chad,Sub-Saharan Africa,4.301,2018,0.358,0.907,0.053,0.189,0.181,0.06,0,0,3,003,0,0,0,0,0,0
Chad,Sub-Saharan Africa,4.35,2019,0.35,0.766,0.192,0.174,0.198,0.078,0,0,4,004,0,0,0,0,0,0
Colombia,Latin America and Caribbean,6.477,2015,0.91861,1.24018,0.69077,0.53466,0.18401,0.0512,1,0,0,000,0,0,0,1,0,0
Colombia,Latin America and Caribbean,6.481,2016,1.03032,1.02169,0.59659,0.44735,0.15626,0.05399,1,0,1,001,0,0,0,1,0,0
Colombia,Latin America and Caribbean,6.3569998741,2017,1.0706223249,1.4021829367,0.5950279236,0.4774874151,0.149014473,0.0466687419,1,0,2,002,0,0,0,1,0,0
Colombia,Latin America and Caribbean,6.26,2018,0.96,1.439,0.635,0.531,0.099,0.039,1,0,3,003,0,0,0,1,0,0
Colombia,Latin America and Caribbean,6.125,2019,0.985,1.41,0.841,0.47,0.099,0.034,1,0,4,004,0,0,0,1,0,0
Comoros,Sub-Saharan Africa,3.956,2015,0.23906,0.79273,0.36315,0.22917,0.17441,0.199,0,0,0,000,0,0,0,0,0,0
Comoros,Sub-Saharan Africa,3.956,2016,0.27509,0.60323,0.29981,0.15412,0.1827,0.18437,0,0,1,001,0,0,0,0,0,0
Comoros,Sub-Saharan Africa,,2017,,,,,,,0,0,2,002,0,0,0,0,0,0
Comoros,Sub-Saharan Africa,,2018,,,,,,,0,0,3,003,0,0,0,0,0,0
Comoros,Sub-Saharan Africa,3.973,2019,0.274,0.757,0.505,0.142,0.275,0.078,0,0,4,004,0,0,0,0,0,0
Congo,Sub-Saharan Africa,,2015,,,,,,,0,0,0,000,0,0,0,0,0,0
Congo,Sub-Saharan Africa,,2016,,,,,,,0,0,1,001,0,0,0,0,0,0
Congo,Sub-Saharan Africa,,2017,,,,,,,0,0,2,002,0,0,0,0,0,0
Congo,Sub-Saharan Africa,,2018,,,,,,,0,0,3,003,0,0,0,0,0,0
Congo,Sub-Saharan Africa,,2019,,,,,,,0,0,4,004,0,0,0,0,0,0
Congo (Brazzaville),Sub-Saharan Africa,3.989,2015,0.67866,0.6629,0.31051,0.41466,0.12388,0.11686,0,0,0,000,0,0,0,0,0,0
Congo (Brazzaville),Sub-Saharan Africa,4.236,2016,0.77109,0.47799,0.28212,0.37938,0.12077,0.09753,0,0,1,001,0,0,0,0,0,0
Congo (Brazzaville),Sub-Saharan Africa,4.2909998894,2017,0.8089642525,0.832044363,0.2899574339,0.4350258708,0.1208521277,0.0796181336,0,0,2,002,0,0,0,0,0,0
Congo (Brazzaville),Sub-Saharan Africa,4.559,2018,0.682,0.811,0.343,0.514,0.091,0.077,0,0,3,003,0,0,0,0,0,0
Congo (Brazzaville),Sub-Saharan Africa,4.812,2019,0.673,0.799,0.508,0.372,0.105,0.093,0,0,4,004,0,0,0,0,0,0
Congo (Kinshasa),Sub-Saharan Africa,4.517,2015,0,1.0012,0.09806,0.22605,0.24834,0.07625,0,0,0,000,0,0,0,0,0,0
Congo (Kinshasa),Sub-Saharan Africa,4.272,2016,0.05661,0.80676,0.188,0.15602,0.25458,0.06075,0,0,1,001,0,0,0,0,0,0
Congo (Kinshasa),Sub-Saharan Africa,4.2800002098,2017,0.0921023488,1.2290234566,0.1914070249,0.2359613478,0.2464558333,0.0602413565,0,0,2,002,0,0,0,0,0,0
Congo (Kinshasa),Sub-Saharan Africa,4.245,2018,0.069,1.136,0.204,0.312,0.197,0.052,0,0,3,003,0,0,0,0,0,0
Congo (Kinshasa),Sub-Saharan Africa,4.418,2019,0.094,1.125,0.357,0.269,0.212,0.053,0,0,4,004,0,0,0,0,0,0
Costa Rica,Latin America and Caribbean,7.226,2015,0.95578,1.23788,0.86027,0.63376,0.25497,0.10583,1,0,0,000,0,0,0,1,0,0
Costa Rica,Latin America and Caribbean,7.087,2016,1.06879,1.02152,0.76146,0.55225,0.22553,0.10547,1,0,1,001,0,0,0,1,0,0
Costa Rica,Latin America and Caribbean,7.0789999962,2017,1.1097062826,1.4164036512,0.7595092654,0.58013165,0.214613229,0.1001065895,1,0,2,002,0,0,0,1,0,0
Costa Rica,Latin America and Caribbean,7.072,2018,1.01,1.459,0.817,0.632,0.143,0.101,1,0,3,003,0,0,0,1,0,0
Costa Rica,Latin America and Caribbean,7.167,2019,1.034,1.441,0.963,0.558,0.144,0.093,1,0,4,004,0,0,0,1,0,0
Denmark,"NA, ANZ, and Western Europe",7.527,2015,1.32548,1.36058,0.87464,0.64938,0.34139,0.48357,1,0,0,000,0,0,0,0,0,1
Denmark,"NA, ANZ, and Western Europe",7.526,2016,1.44178,1.16374,0.79504,0.57941,0.36171,0.44453,1,0,1,001,0,0,0,0,0,1
Denmark,"NA, ANZ, and Western Europe",7.521999836,2017,1.4823830128,1.5511215925,0.7925655246,0.6260067225,0.3552804887,0.4007700682,1,0,2,002,0,0,0,0,0,1
Denmark,"NA, ANZ, and Western Europe",7.555,2018,1.351,1.59,0.868,0.683,0.284,0.408,1,0,3,003,0,0,0,0,0,1
Denmark,"NA, ANZ, and Western Europe",7.6,2019,1.383,1.573,0.996,0.592,0.252,0.41,1,0,4,004,0,0,0,0,0,1
Djibouti,Sub-Saharan Africa,4.369,2015,0.44025,0.59207,0.36291,0.46074,0.18093,0.28105,0,0,0,000,0,0,0,0,0,0
Djibouti,Sub-Saharan Africa,,2016,,,,,,,0,0,1,001,0,0,0,0,0,0
Djibouti,Sub-Saharan Africa,,2017,,,,,,,0,0,2,002,0,0,0,0,0,0
Djibouti,Sub-Saharan Africa,,2018,,,,,,,0,0,3,003,0,0,0,0,0,0
Djibouti,Sub-Saharan Africa,,2019,,,,,,,0,0,4,004,0,0,0,0,0,0
Dominican Republic,Latin America and Caribbean,4.885,2015,0.89537,1.17202,0.66825,0.57672,0.21684,0.14234,0,0,0,000,0,0,0,1,0,0
Dominican Republic,Latin America and Caribbean,5.155,2016,1.02787,0.99496,0.57669,0.52259,0.21286,0.12372,1,0,1,001,0,0,0,1,0,0
Dominican Republic,Latin America and Caribbean,5.2300000191,2017,1.0793738365,1.4024167061,0.5748737454,0.5525898337,0.1869678497,0.1139452532,1,0,2,002,0,0,0,1,0,0
Dominican Republic,Latin America and Caribbean,5.302,2018,0.982,1.441,0.614,0.578,0.12,0.106,1,0,3,003,0,0,0,1,0,0
Dominican Republic,Latin America and Caribbean,5.425,2019,1.015,1.401,0.779,0.497,0.113,0.101,1,0,4,004,0,0,0,1,0,0
Ecuador,Latin America and Caribbean,5.975,2015,0.86402,0.99903,0.79075,0.48574,0.11541,0.1809,1,0,0,000,0,0,0,1,0,0
Ecuador,Latin America and Caribbean,5.976,2016,0.97306,0.85974,0.68613,0.4027,0.10074,0.18037,1,0,1,001,0,0,0,1,0,0
Ecuador,Latin America and Caribbean,6.007999897,2017,1.0008203983,1.2861688137,0.6856362224,0.4551981986,0.150112465,0.1401346475,1,0,2,002,0,0,0,1,0,0
Ecuador,Latin America and Caribbean,5.973,2018,0.889,1.33,0.736,0.556,0.114,0.12,1,0,3,003,0,0,0,1,0,0
Ecuador,Latin America and Caribbean,6.028,2019,0.912,1.312,0.868,0.498,0.126,0.087,1,0,4,004,0,0,0,1,0,0
El Salvador,Latin America and Caribbean,6.13,2015,0.76454,1.02507,0.67737,0.4035,0.10692,0.11776,1,0,0,000,0,0,0,1,0,0
El Salvador,Latin America and Caribbean,6.068,2016,0.8737,0.80975,0.596,0.37269,0.08877,0.10613,1,0,1,001,0,0,0,1,0,0
El Salvador,Latin America and Caribbean,6.0029997826,2017,0.9097844958,1.1821250916,0.5960185528,0.4324525297,0.0782579854,0.0899809599,1,0,2,002,0,0,0,1,0,0
El Salvador,Latin America and Caribbean,6.167,2018,0.806,1.231,0.639,0.461,0.065,0.082,1,0,3,003,0,0,0,1,0,0
El Salvador,Latin America and Caribbean,6.253,2019,0.794,1.242,0.789,0.43,0.093,0.074,1,0,4,004,0,0,0,1,0,0
Estonia,Central and Eastern Europe,5.429,2015,1.15174,1.22791,0.77361,0.44888,0.0868,0.15184,1,0,0,000,0,1,0,0,0,0
Estonia,Central and Eastern Europe,5.517,2016,1.27964,1.05163,0.68098,0.41511,0.08423,0.18519,1,0,1,001,0,1,0,0,0,0
Estonia,Central and Eastern Europe,5.611000061,2017,1.3208793402,1.4766710997,0.6951683164,0.4791314304,0.0988908112,0.1832489222,1,0,2,002,0,1,0,0,0,0
Estonia,Central and Eastern Europe,5.739,2018,1.2,1.532,0.737,0.553,0.086,0.174,1,0,3,003,0,1,0,0,0,0
Estonia,Central and Eastern Europe,5.893,2019,1.237,1.528,0.874,0.495,0.103,0.161,1,0,4,004,0,1,0,0,0,0
"Eswatini, Kingdom of",Sub-Saharan Africa,,2015,,,,,,,0,0,0,000,0,0,0,0,0,0
"Eswatini, Kingdom of",Sub-Saharan Africa,,2016,,,,,,,0,0,1,001,0,0,0,0,0,0
"Eswatini, Kingdom of",Sub-Saharan Africa,,2017,,,,,,,0,0,2,002,0,0,0,0,0,0
"Eswatini, Kingdom of",Sub-Saharan Africa,,2018,,,,,,,0,0,3,003,0,0,0,0,0,0
"Eswatini, Kingdom of",Sub-Saharan Africa,,2019,,,,,,,0,0,4,004,0,0,0,0,0,0
Ethiopia,Sub-Saharan Africa,4.512,2015,0.19073,0.60406,0.44055,0.4345,0.24325,0.15048,0,0,0,000,0,0,0,0,0,0
Ethiopia,Sub-Saharan Africa,4.508,2016,0.29283,0.37932,0.34578,0.36703,0.29522,0.1717,0,0,1,001,0,0,0,0,0,0
Ethiopia,Sub-Saharan Africa,4.4600000381,2017,0.3392338455,0.8646692038,0.3534097075,0.4088427424,0.3126507401,0.1654557139,0,0,2,002,0,0,0,0,0,0
Ethiopia,Sub-Saharan Africa,4.35,2018,0.308,0.95,0.391,0.452,0.22,0.146,0,0,3,003,0,0,0,0,0,0
Ethiopia,Sub-Saharan Africa,4.286,2019,0.336,1.033,0.532,0.344,0.209,0.1,0,0,4,004,0,0,0,0,0,0
Finland,"NA, ANZ, and Western Europe",7.406,2015,1.29025,1.31826,0.88911,0.64169,0.23351,0.41372,1,0,0,000,0,0,0,0,0,1
Finland,"NA, ANZ, and Western Europe",7.413,2016,1.40598,1.13464,0.81091,0.57104,0.25492,0.41004,1,0,1,001,0,0,0,0,0,1
Finland,"NA, ANZ, and Western Europe",7.4689998627,2017,1.4435719252,1.5402467251,0.8091576695,0.6179508567,0.2454827726,0.3826115429,1,0,2,002,0,0,0,0,0,1
Finland,"NA, ANZ, and Western Europe",7.632,2018,1.305,1.592,0.874,0.681,0.202,0.393,1,0,3,003,0,0,0,0,0,1
Finland,"NA, ANZ, and Western Europe",7.769,2019,1.34,1.587,0.986,0.596,0.153,0.393,1,0,4,004,0,0,0,0,0,1
France,"NA, ANZ, and Western Europe",6.575,2015,1.27778,1.26038,0.94579,0.55011,0.12332,0.20646,1,0,0,000,0,0,0,0,0,1
France,"NA, ANZ, and Western Europe",6.478,2016,1.39488,1.00508,0.83795,0.46562,0.1216,0.17808,1,0,1,001,0,0,0,0,0,1
France,"NA, ANZ, and Western Europe",6.4419999123,2017,1.4309234619,1.3877768517,0.8444658518,0.4702221155,0.1297623068,0.1725024283,1,0,2,002,0,0,0,0,0,1
France,"NA, ANZ, and Western Europe",6.489,2018,1.293,1.466,0.908,0.52,0.098,0.176,1,0,3,003,0,0,0,0,0,1
France,"NA, ANZ, and Western Europe",6.592,2019,1.324,1.472,1.045,0.436,0.111,0.183,1,0,4,004,0,0,0,0,0,1
Gabon,Sub-Saharan Africa,3.896,2015,1.06024,0.90528,0.43372,0.31914,0.06822,0.11091,0,0,0,000,0,0,0,0,0,0
Gabon,Sub-Saharan Africa,4.121,2016,1.15851,0.72368,0.3494,0.28098,0.06244,0.09314,0,0,1,001,0,0,0,0,0,0
Gabon,Sub-Saharan Africa,4.4650001526,2017,1.1982102394,1.1556202173,0.3565785885,0.312328577,0.0437853783,0.0760467872,0,0,2,002,0,0,0,0,0,0
Gabon,Sub-Saharan Africa,4.758,2018,1.036,1.164,0.404,0.356,0.032,0.052,0,0,3,003,0,0,0,0,0,0
Gabon,Sub-Saharan Africa,4.799,2019,1.057,1.183,0.571,0.295,0.043,0.055,0,0,4,004,0,0,0,0,0,0
Gambia,Sub-Saharan Africa,,2015,,,,,,,0,0,0,000,0,0,0,0,0,0
Gambia,Sub-Saharan Africa,,2016,,,,,,,0,0,1,001,0,0,0,0,0,0
Gambia,Sub-Saharan Africa,,2017,,,,,,,0,0,2,002,0,0,0,0,0,0
Gambia,Sub-Saharan Africa,,2018,,,,,,,0,0,3,003,0,0,0,0,0,0
Gambia,Sub-Saharan Africa,4.516,2019,0.308,0.939,0.428,0.382,0.269,0.167,0,0,4,004,0,0,0,0,0,0
Germany,"NA, ANZ, and Western Europe",6.75,2015,1.32792,1.29937,0.89186,0.61477,0.28214,0.21843,1,0,0,000,0,0,0,0,0,1
Germany,"NA, ANZ, and Western Europe",6.994,2016,1.44787,1.09774,0.81487,0.53466,0.30452,0.28551,1,0,1,001,0,0,0,0,0,1
Germany,"NA, ANZ, and Western Europe",6.9510002136,2017,1.4879233837,1.4725203514,0.7989507318,0.5625113845,0.33626917,0.2767319381,1,0,2,002,0,0,0,0,0,1
Germany,"NA, ANZ, and Western Europe",6.965,2018,1.34,1.474,0.861,0.586,0.273,0.28,1,0,3,003,0,0,0,0,0,1
Germany,"NA, ANZ, and Western Europe",6.985,2019,1.373,1.454,0.987,0.495,0.261,0.265,1,0,4,004,0,0,0,0,0,1
Ghana,Sub-Saharan Africa,4.633,2015,0.54558,0.67954,0.40132,0.42342,0.23087,0.04355,0,0,0,000,0,0,0,0,0,0
Ghana,Sub-Saharan Africa,4.276,2016,0.63107,0.49353,0.29681,0.40973,0.21203,0.0326,0,0,1,001,0,0,0,0,0,0
Ghana,Sub-Saharan Africa,4.1199998856,2017,0.6672248244,0.8736647367,0.2956377268,0.4230262935,0.2569239438,0.0253363699,0,0,2,002,0,0,0,0,0,0
Ghana,Sub-Saharan Africa,4.657,2018,0.592,0.896,0.337,0.499,0.212,0.029,0,0,3,003,0,0,0,0,0,0
Ghana,Sub-Saharan Africa,4.996,2019,0.611,0.868,0.486,0.381,0.245,0.04,0,0,4,004,0,0,0,0,0,0
Greece,"NA, ANZ, and Western Europe",4.857,2015,1.15406,0.92933,0.88213,0.07699,0,0.01397,0,0,0,000,0,0,0,0,0,1
Greece,"NA, ANZ, and Western Europe",5.033,2016,1.24886,0.75473,0.80029,0.05822,0,0.04127,1,0,1,001,0,0,0,0,0,1
Greece,"NA, ANZ, and Western Europe",5.2270002365,2017,1.2894874811,1.2394145727,0.8101989031,0.0957312509,0,0.0432897769,1,0,2,002,0,0,0,0,0,1
Greece,"NA, ANZ, and Western Europe",5.358,2018,1.154,1.202,0.879,0.131,0,0.044,1,0,3,003,0,0,0,0,0,1
Greece,"NA, ANZ, and Western Europe",5.287,2019,1.181,1.156,0.999,0.067,0,0.034,1,0,4,004,0,0,0,0,0,1
Guatemala,Latin America and Caribbean,6.123,2015,0.74553,1.04356,0.64425,0.57733,0.27489,0.09472,1,0,0,000,0,0,0,1,0,0
Guatemala,Latin America and Caribbean,6.324,2016,0.83454,0.87119,0.54039,0.50379,0.28808,0.08701,1,0,1,001,0,0,0,1,0,0
Guatemala,Latin America and Caribbean,6.4539999962,2017,0.872001946,1.2555851936,0.5402399898,0.5313106179,0.2834883928,0.0772232786,1,0,2,002,0,0,0,1,0,0
Guatemala,Latin America and Caribbean,6.382,2018,0.781,1.268,0.608,0.604,0.179,0.071,1,0,3,003,0,0,0,1,0,0
Guatemala,Latin America and Caribbean,6.436,2019,0.8,1.269,0.746,0.535,0.175,0.078,1,0,4,004,0,0,0,1,0,0
Guinea,Sub-Saharan Africa,3.656,2015,0.17417,0.46475,0.24009,0.37725,0.28657,0.12139,0,0,0,000,0,0,0,0,0,0
Guinea,Sub-Saharan Africa,3.607,2016,0.22415,0.3109,0.18829,0.30953,0.29914,0.1192,0,0,1,001,0,0,0,0,0,0
Guinea,Sub-Saharan Africa,3.5069999695,2017,0.2445499301,0.7912446856,0.1941291392,0.348587513,0.2648150921,0.1109376177,0,0,2,002,0,0,0,0,0,0
Guinea,Sub-Saharan Africa,3.964,2018,0.344,0.792,0.211,0.394,0.185,0.094,0,0,3,003,0,0,0,0,0,0
Guinea,Sub-Saharan Africa,4.534,2019,0.38,0.829,0.375,0.332,0.207,0.086,0,0,4,004,0,0,0,0,0,0
Haiti,Latin America and Caribbean,4.518,2015,0.26673,0.74302,0.38847,0.24425,0.46187,0.17175,0,0,0,000,0,0,0,1,0,0
Haiti,Latin America and Caribbean,4.028,2016,0.34097,0.29561,0.27494,0.12072,0.47958,0.14476,0,0,1,001,0,0,0,1,0,0
Haiti,Latin America and Caribbean,3.6029999256,2017,0.3686102629,0.6404498219,0.27732113,0.0303698573,0.4892037809,0.0998721495,0,0,2,002,0,0,0,1,0,0
Haiti,Latin America and Caribbean,3.582,2018,0.315,0.714,0.289,0.025,0.392,0.104,0,0,3,003,0,0,0,1,0,0
Haiti,Latin America and Caribbean,3.597,2019,0.323,0.688,0.449,0.026,0.419,0.11,0,0,4,004,0,0,0,1,0,0
Honduras,Latin America and Caribbean,4.788,2015,0.59532,0.95348,0.6951,0.40148,0.23027,0.06825,0,0,0,000,0,0,0,1,0,0
Honduras,Latin America and Caribbean,4.871,2016,0.69429,0.75596,0.58383,0.26755,0.2044,0.06906,0,0,1,001,0,0,0,1,0,0
Honduras,Latin America and Caribbean,5.1810002327,2017,0.7305731177,1.1439449787,0.5825694799,0.3480798602,0.2361888736,0.0733454525,1,0,2,002,0,0,0,1,0,0
Honduras,Latin America and Caribbean,5.504,2018,0.62,1.205,0.622,0.459,0.197,0.074,1,0,3,003,0,0,0,1,0,0
Honduras,Latin America and Caribbean,5.86,2019,0.642,1.236,0.828,0.507,0.246,0.078,1,0,4,004,0,0,0,1,0,0
Hong Kong,Asia,5.474,2015,1.38604,1.05818,1.01328,0.59608,0.39478,0.37124,1,0,0,000,1,0,0,0,0,0
Hong Kong,Asia,5.458,2016,1.5107,0.87021,0.95277,0.48079,0.40097,0.31647,1,0,1,001,1,0,0,0,0,0
Hong Kong,Asia,,2017,,,,,,,0,0,2,002,1,0,0,0,0,0
Hong Kong,Asia,5.43,2018,1.405,1.29,1.03,0.524,0.246,0.291,1,0,3,003,1,0,0,0,0,0
Hong Kong,Asia,5.43,2019,1.438,1.277,1.122,0.44,0.258,0.287,1,0,4,004,1,0,0,0,0,0
Hungary,Central and Eastern Europe,4.8,2015,1.12094,1.20215,0.75905,0.32112,0.128,0.02758,0,0,0,000,0,1,0,0,0,0
Hungary,Central and Eastern Europe,5.145,2016,1.24142,0.93164,0.67608,0.1977,0.099,0.04472,1,0,1,001,0,1,0,0,0,0
Hungary,Central and Eastern Europe,5.3239998817,2017,1.2860119343,1.3431330919,0.6877634525,0.1758635193,0.0784016624,0.0366369374,1,0,2,002,0,1,0,0,0,0
Hungary,Central and Eastern Europe,5.62,2018,1.171,1.401,0.732,0.259,0.061,0.022,1,0,3,003,0,1,0,0,0,0
Hungary,Central and Eastern Europe,5.758,2019,1.201,1.41,0.828,0.199,0.081,0.02,1,0,4,004,0,1,0,0,0,0
Iceland,"NA, ANZ, and Western Europe",7.561,2015,1.30232,1.40223,0.94784,0.62877,0.4363,0.14145,1,0,0,000,0,0,0,0,0,1
Iceland,"NA, ANZ, and Western Europe",7.501,2016,1.42666,1.18326,0.86733,0.56624,0.47678,0.14975,1,0,1,001,0,0,0,0,0,1
Iceland,"NA, ANZ, and Western Europe",7.5040001869,2017,1.4806330204,1.610574007,0.8335521221,0.6271626353,0.4755402207,0.1535265595,1,0,2,002,0,0,0,0,0,1
Iceland,"NA, ANZ, and Western Europe",7.495,2018,1.343,1.644,0.914,0.677,0.353,0.138,1,0,3,003,0,0,0,0,0,1
Iceland,"NA, ANZ, and Western Europe",7.494,2019,1.38,1.624,1.026,0.591,0.354,0.118,1,0,4,004,0,0,0,0,0,1
India,Asia,4.565,2015,0.64499,0.38174,0.51529,0.39786,0.26475,0.08492,0,0,0,000,1,0,0,0,0,0
India,Asia,4.404,2016,0.74036,0.29247,0.45091,0.40285,0.25028,0.08722,0,0,1,001,1,0,0,0,0,0
India,Asia,4.3150000572,2017,0.7922212481,0.7543725967,0.4554276168,0.469987005,0.2315384895,0.0922268853,0,0,2,002,1,0,0,0,0,0
India,Asia,4.19,2018,0.721,0.747,0.485,0.539,0.172,0.093,0,0,3,003,1,0,0,0,0,0
India,Asia,4.015,2019,0.755,0.765,0.588,0.498,0.2,0.085,0,0,4,004,1,0,0,0,0,0
Indonesia,Asia,5.399,2015,0.82827,1.08708,0.63793,0.46611,0.51535,0,1,0,0,000,1,0,0,0,0,0
Indonesia,Asia,5.314,2016,0.95104,0.87625,0.49374,0.39237,0.56521,0.00322,1,0,1,001,1,0,0,0,0,0
Indonesia,Asia,5.2620000839,2017,0.9955385923,1.2744446993,0.4923457205,0.4433234632,0.6117045879,0.0153171355,1,0,2,002,1,0,0,0,0,0
Indonesia,Asia,5.093,2018,0.899,1.215,0.522,0.538,0.484,0.018,1,0,3,003,1,0,0,0,0,0
Indonesia,Asia,5.192,2019,0.931,1.203,0.66,0.491,0.498,0.028,1,0,4,004,1,0,0,0,0,0
Ireland,"NA, ANZ, and Western Europe",6.94,2015,1.33596,1.36948,0.89533,0.61777,0.45901,0.28703,1,0,0,000,0,0,0,0,0,1
Ireland,"NA, ANZ, and Western Europe",6.907,2016,1.48341,1.16157,0.81455,0.54008,0.44963,0.29754,1,0,1,001,0,0,0,0,0,1
Ireland,"NA, ANZ, and Western Europe",6.9770002365,2017,1.5357066393,1.5582311153,0.8097826242,0.573110342,0.4278583229,0.2983881533,1,0,2,002,0,0,0,0,0,1
Ireland,"NA, ANZ, and Western Europe",6.977,2018,1.448,1.583,0.876,0.614,0.307,0.306,1,0,3,003,0,0,0,0,0,1
Ireland,"NA, ANZ, and Western Europe",7.021,2019,1.499,1.553,0.999,0.516,0.298,0.31,1,0,4,004,0,0,0,0,0,1
Israel,Middle East and North Africa,7.278,2015,1.22857,1.22393,0.91387,0.41319,0.33172,0.07785,1,0,0,000,0,0,0,0,1,0
Israel,Middle East and North Africa,7.267,2016,1.33766,0.99537,0.84917,0.36432,0.32288,0.08728,1,0,1,001,0,0,0,0,1,0
Israel,Middle East and North Africa,7.2129998207,2017,1.3753824234,1.3762899637,0.8384039998,0.4059886038,0.330082655,0.0852421001,1,0,2,002,0,0,0,0,1,0
Israel,Middle East and North Africa,6.814,2018,1.301,1.559,0.883,0.533,0.354,0.272,1,0,3,003,0,0,0,0,1,0
Israel,Middle East and North Africa,7.139,2019,1.276,1.455,1.029,0.371,0.261,0.082,1,0,4,004,0,0,0,0,1,0
Italy,"NA, ANZ, and Western Europe",5.948,2015,1.25114,1.19777,0.95446,0.26236,0.22823,0.02901,1,0,0,000,0,0,0,0,0,1
Italy,"NA, ANZ, and Western Europe",5.977,2016,1.35495,1.04167,0.85102,0.18827,0.16684,0.02556,1,0,1,001,0,0,0,0,0,1
Italy,"NA, ANZ, and Western Europe",5.9640002251,2017,1.3950666189,1.4449232817,0.8531443477,0.2564507127,0.1727896482,0.0280280914,1,0,2,002,0,0,0,0,0,1
Italy,"NA, ANZ, and Western Europe",6,2018,1.264,1.501,0.946,0.281,0.137,0.028,1,0,3,003,0,0,0,0,0,1
Italy,"NA, ANZ, and Western Europe",6.223,2019,1.294,1.488,1.039,0.231,0.158,0.03,1,0,4,004,0,0,0,0,0,1
Ivory Coast,Sub-Saharan Africa,3.655,2015,0.46534,0.77115,0.15185,0.46866,0.20165,0.17922,0,0,0,000,0,0,0,0,0,0
Ivory Coast,Sub-Saharan Africa,3.916,2016,0.55507,0.57576,0.04476,0.40663,0.20338,0.1553,0,0,1,001,0,0,0,0,0,0
Ivory Coast,Sub-Saharan Africa,4.1799998283,2017,0.6030489206,0.9047800303,0.0486421697,0.4477061927,0.2012374699,0.1300617754,0,0,2,002,0,0,0,0,0,0
Ivory Coast,Sub-Saharan Africa,4.671,2018,0.541,0.872,0.08,0.467,0.146,0.103,0,0,3,003,0,0,0,0,0,0
Ivory Coast,Sub-Saharan Africa,4.944,2019,0.569,0.808,0.232,0.352,0.154,0.09,0,0,4,004,0,0,0,0,0,0
Jamaica,Latin America and Caribbean,5.709,2015,0.81038,1.15102,0.68741,0.50442,0.2123,0.02299,1,0,0,000,0,0,0,1,0,0
Jamaica,Latin America and Caribbean,5.51,2016,0.89333,0.96372,0.59469,0.43597,0.22245,0.04294,1,0,1,001,0,0,0,1,0,0
Jamaica,Latin America and Caribbean,5.3109998703,2017,0.9255793095,1.3682180643,0.6410223842,0.4743072391,0.2338183373,0.055267781,1,0,2,002,0,0,0,1,0,0
Jamaica,Latin America and Caribbean,5.89,2018,0.819,1.493,0.693,0.575,0.096,0.031,1,0,3,003,0,0,0,1,0,0
Jamaica,Latin America and Caribbean,5.89,2019,0.831,1.478,0.831,0.49,0.107,0.028,1,0,4,004,0,0,0,1,0,0
Japan,Asia,5.987,2015,1.27074,1.25712,0.99111,0.49615,0.10705,0.1806,1,0,0,000,1,0,0,0,0,0
Japan,Asia,5.921,2016,1.38007,1.06054,0.91491,0.46761,0.10224,0.18985,1,0,1,001,1,0,0,0,0,0
Japan,Asia,5.9200000763,2017,1.4169151783,1.4363378286,0.9134758711,0.505625546,0.1205727682,0.1637607366,1,0,2,002,1,0,0,0,0,0
Japan,Asia,5.915,2018,1.294,1.462,0.988,0.553,0.079,0.15,1,0,3,003,1,0,0,0,0,0
Japan,Asia,5.886,2019,1.327,1.419,1.088,0.445,0.069,0.14,1,0,4,004,1,0,0,0,0,0
Jordan,Middle East and North Africa,5.192,2015,0.90198,1.05392,0.69639,0.40661,0.11053,0.14293,1,0,0,000,0,0,0,0,1,0
Jordan,Middle East and North Africa,5.303,2016,0.99673,0.86216,0.60712,0.36023,0.14262,0.13297,1,0,1,001,0,0,0,0,1,0
Jordan,Middle East and North Africa,5.3359999657,2017,0.9910123944,1.2390888929,0.6045900583,0.4184211493,0.1721704602,0.1198032722,1,0,2,002,0,0,0,0,1,0
Jordan,Middle East and North Africa,5.161,2018,0.822,1.265,0.645,0.468,0.13,0.134,1,0,3,003,0,0,0,0,1,0
Jordan,Middle East and North Africa,4.906,2019,0.837,1.225,0.815,0.383,0.11,0.13,0,0,4,004,0,0,0,0,1,0
Kenya,Sub-Saharan Africa,4.419,2015,0.36471,0.99876,0.41435,0.42215,0.37542,0.05839,0,0,0,000,0,0,0,0,0,0
Kenya,Sub-Saharan Africa,4.356,2016,0.52267,0.7624,0.30147,0.40576,0.41328,0.06686,0,0,1,001,0,0,0,0,0,0
Kenya,Sub-Saharan Africa,4.5529999733,2017,0.5604794621,1.0679507256,0.3099883497,0.4527637661,0.4448603094,0.0646413192,0,0,2,002,0,0,0,0,0,0
Kenya,Sub-Saharan Africa,4.41,2018,0.493,1.048,0.454,0.504,0.352,0.055,0,0,3,003,0,0,0,0,0,0
Kenya,Sub-Saharan Africa,4.509,2019,0.512,0.983,0.581,0.431,0.372,0.053,0,0,4,004,0,0,0,0,0,0
Kosovo,Central and Eastern Europe,5.589,2015,0.80148,0.81198,0.63132,0.24749,0.2831,0.04741,1,0,0,000,0,1,0,0,0,0
Kosovo,Central and Eastern Europe,5.401,2016,0.90145,0.66062,0.54,0.14396,0.27992,0.06547,1,0,1,001,0,1,0,0,0,0
Kosovo,Central and Eastern Europe,5.2789998055,2017,0.9514843822,1.1378535032,0.5414520502,0.2602879405,0.3199314475,0.0574716181,1,0,2,002,0,1,0,0,0,0
Kosovo,Central and Eastern Europe,5.662,2018,0.855,1.23,0.578,0.448,0.274,0.023,1,0,3,003,0,1,0,0,0,0
Kosovo,Central and Eastern Europe,6.1,2019,0.882,1.232,0.758,0.489,0.262,0.006,1,0,4,004,0,1,0,0,0,0
Kuwait,Middle East and North Africa,6.295,2015,1.55422,1.16594,0.72492,0.55499,0.16228,0.25609,1,0,0,000,0,0,0,0,1,0
Kuwait,Middle East and North Africa,6.239,2016,1.61714,0.87758,0.63569,0.43166,0.15965,0.23669,1,0,1,001,0,0,0,0,1,0
Kuwait,Middle East and North Africa,6.1050000191,2017,1.6329524517,1.2596987486,0.6321057081,0.4963375926,0.2282897979,0.2151595503,1,0,2,002,0,0,0,0,1,0
Kuwait,Middle East and North Africa,6.083,2018,1.474,1.301,0.675,0.554,0.167,0.106,1,0,3,003,0,0,0,0,1,0
Kuwait,Middle East and North Africa,6.021,2019,1.5,1.319,0.808,0.493,0.142,0.097,1,0,4,004,0,0,0,0,1,0
Kyrgyzstan,Commonwealth of Independent States,5.286,2015,0.47428,1.15115,0.65088,0.43477,0.3003,0.04232,1,0,0,000,0,0,1,0,0,0
Kyrgyzstan,Commonwealth of Independent States,5.185,2016,0.56044,0.95434,0.55449,0.40212,0.38432,0.04762,1,0,1,001,0,0,1,0,0,0
Kyrgyzstan,Commonwealth of Independent States,5.0040001869,2017,0.5962200761,1.3942385912,0.5534577966,0.4549433887,0.4285803735,0.039439179,1,0,2,002,0,0,1,0,0,0
Kyrgyzstan,Commonwealth of Independent States,5.131,2018,0.53,1.416,0.594,0.54,0.281,0.035,1,0,3,003,0,0,1,0,0,0
Kyrgyzstan,Commonwealth of Independent States,5.261,2019,0.551,1.438,0.723,0.508,0.3,0.023,1,0,4,004,0,0,1,0,0,0
Laos,Asia,4.876,2015,0.59066,0.73803,0.54909,0.59591,0.42192,0.24249,0,0,0,000,1,0,0,0,0,0
Laos,Asia,4.876,2016,0.68042,0.5497,0.38291,0.52168,0.43079,0.22423,0,0,1,001,1,0,0,0,0,0
Laos,Asia,,2017,,,,,,,0,0,2,002,1,0,0,0,0,0
Laos,Asia,4.623,2018,0.72,1.034,0.441,0.626,0.23,0.174,0,0,3,003,1,0,0,0,0,0
Laos,Asia,4.796,2019,0.764,1.03,0.551,0.547,0.266,0.164,0,0,4,004,1,0,0,0,0,0
Latvia,Central and Eastern Europe,5.098,2015,1.11312,1.09562,0.72437,0.29671,0.18226,0.06332,1,0,0,000,0,1,0,0,0,0
Latvia,Central and Eastern Europe,5.56,2016,1.21788,0.95025,0.63952,0.27996,0.17445,0.0889,1,0,1,001,0,1,0,0,0,0
Latvia,Central and Eastern Europe,5.8499999046,2017,1.2607486248,1.404714942,0.6385669708,0.3257079124,0.1530747861,0.0738427266,1,0,2,002,0,1,0,0,0,0
Latvia,Central and Eastern Europe,5.933,2018,1.148,1.454,0.671,0.363,0.092,0.066,1,0,3,003,0,1,0,0,0,0
Latvia,Central and Eastern Europe,5.94,2019,1.187,1.465,0.812,0.264,0.075,0.064,1,0,4,004,0,1,0,0,0,0
Lebanon,Middle East and North Africa,4.839,2015,1.02564,0.80001,0.83947,0.33916,0.21854,0.04582,0,0,0,000,0,0,0,0,1,0
Lebanon,Middle East and North Africa,5.129,2016,1.12268,0.64184,0.76171,0.26228,0.23693,0.03061,1,0,1,001,0,0,0,0,1,0
Lebanon,Middle East and North Africa,5.2249999046,2017,1.0749875307,1.1296242476,0.7350810766,0.288515985,0.2644507587,0.0375138298,1,0,2,002,0,0,0,0,1,0
Lebanon,Middle East and North Africa,5.358,2018,0.965,1.179,0.785,0.503,0.214,0.136,1,0,3,003,0,0,0,0,1,0
Lebanon,Middle East and North Africa,5.197,2019,0.987,1.224,0.815,0.216,0.166,0.027,1,0,4,004,0,0,0,0,1,0
Lesotho,Sub-Saharan Africa,4.898,2015,0.37545,1.04103,0.07612,0.31767,0.16388,0.12504,0,0,0,000,0,0,0,0,0,0
Lesotho,Sub-Saharan Africa,,2016,,,,,,,0,0,1,001,0,0,0,0,0,0
Lesotho,Sub-Saharan Africa,3.8080000877,2017,0.5210212469,1.1900951862,0,0.3906612992,0.1574972719,0.11909464,0,0,2,002,0,0,0,0,0,0
Lesotho,Sub-Saharan Africa,3.808,2018,0.472,1.215,0.079,0.423,0.116,0.112,0,0,3,003,0,0,0,0,0,0
Lesotho,Sub-Saharan Africa,3.802,2019,0.489,1.169,0.168,0.359,0.107,0.093,0,0,4,004,0,0,0,0,0,0
Liberia,Sub-Saharan Africa,4.571,2015,0.0712,0.78968,0.34201,0.28531,0.24362,0.06232,0,0,0,000,0,0,0,0,0,0
Liberia,Sub-Saharan Africa,3.622,2016,0.10706,0.50353,0.23165,0.25748,0.24063,0.04852,0,0,1,001,0,0,0,0,0,0
Liberia,Sub-Saharan Africa,3.5329999924,2017,0.119041793,0.8721179366,0.2299181968,0.3328811824,0.2665498853,0.0389482491,0,0,2,002,0,0,0,0,0,0
Liberia,Sub-Saharan Africa,3.495,2018,0.076,0.858,0.267,0.419,0.206,0.03,0,0,3,003,0,0,0,0,0,0
Liberia,Sub-Saharan Africa,3.975,2019,0.073,0.922,0.443,0.37,0.233,0.033,0,0,4,004,0,0,0,0,0,0
Libya,Middle East and North Africa,5.754,2015,1.13145,1.11862,0.7038,0.41668,0.18295,0.11023,1,0,0,000,0,0,0,0,1,0
Libya,Middle East and North Africa,5.615,2016,1.06688,0.95076,0.52304,0.40672,0.17087,0.10339,1,0,1,001,0,0,0,0,1,0
Libya,Middle East and North Africa,5.5250000954,2017,1.1018030643,1.3575643301,0.5201690197,0.4657332301,0.1520736665,0.0926102102,1,0,2,002,0,0,0,0,1,0
Libya,Middle East and North Africa,5.566,2018,0.985,1.35,0.553,0.496,0.116,0.148,1,0,3,003,0,0,0,0,1,0
Libya,Middle East and North Africa,5.525,2019,1.044,1.303,0.673,0.416,0.133,0.152,1,0,4,004,0,0,0,0,1,0
Lithuania,Central and Eastern Europe,5.833,2015,1.14723,1.25745,0.73128,0.21342,0.02641,0.01031,1,0,0,000,0,1,0,0,0,0
Lithuania,Central and Eastern Europe,5.813,2016,1.2692,1.06411,0.64674,0.18929,0.02025,0.0182,1,0,1,001,0,1,0,0,0,0
Lithuania,Central and Eastern Europe,5.9019999504,2017,1.3145823479,1.4735161066,0.6289499402,0.2342317849,0.0101646567,0.0118656429,1,0,2,002,0,1,0,0,0,0
Lithuania,Central and Eastern Europe,5.952,2018,1.197,1.527,0.716,0.35,0.026,0.006,1,0,3,003,0,1,0,0,0,0
Lithuania,Central and Eastern Europe,6.149,2019,1.238,1.515,0.818,0.291,0.043,0.042,1,0,4,004,0,1,0,0,0,0
Luxembourg,"NA, ANZ, and Western Europe",6.946,2015,1.56391,1.21963,0.91894,0.61583,0.28034,0.37798,1,0,0,000,0,0,0,0,0,1
Luxembourg,"NA, ANZ, and Western Europe",6.871,2016,1.69752,1.03999,0.84542,0.5487,0.27571,0.35329,1,0,1,001,0,0,0,0,0,1
Luxembourg,"NA, ANZ, and Western Europe",6.8629999161,2017,1.7419435978,1.4575836658,0.8450894952,0.5966278911,0.2831809819,0.318834424,1,0,2,002,0,0,0,0,0,1
Luxembourg,"NA, ANZ, and Western Europe",6.91,2018,1.576,1.52,0.896,0.632,0.196,0.321,1,0,3,003,0,0,0,0,0,1
Luxembourg,"NA, ANZ, and Western Europe",7.09,2019,1.609,1.479,1.012,0.526,0.194,0.316,1,0,4,004,0,0,0,0,0,1
Macedonia,Central and Eastern Europe,5.007,2015,0.91851,1.00232,0.73545,0.33457,0.22359,0.05327,1,0,0,000,0,1,0,0,0,0
Macedonia,Central and Eastern Europe,5.121,2016,1.0193,0.78236,0.64738,0.27668,0.23507,0.07047,1,0,1,001,0,1,0,0,0,0
Macedonia,Central and Eastern Europe,5.1750001907,2017,1.0645779371,1.207893014,0.6449481845,0.3259059787,0.2537609637,0.0602777936,1,0,2,002,0,1,0,0,0,0
Macedonia,Central and Eastern Europe,5.185,2018,0.959,1.239,0.691,0.394,0.173,0.052,1,0,3,003,0,1,0,0,0,0
Macedonia,Central and Eastern Europe,,2019,,,,,,,0,0,4,004,0,1,0,0,0,0
Madagascar,Sub-Saharan Africa,3.681,2015,0.20824,0.66801,0.46721,0.19184,0.21333,0.08124,0,0,0,000,0,0,0,0,0,0
Madagascar,Sub-Saharan Africa,3.695,2016,0.27954,0.46115,0.37109,0.13684,0.2204,0.07506,0,0,1,001,0,0,0,0,0,0
Madagascar,Sub-Saharan Africa,3.6440000534,2017,0.3058086932,0.9130203724,0.3752233088,0.1891967654,0.2087325305,0.0672319755,0,0,2,002,0,0,0,0,0,0
Madagascar,Sub-Saharan Africa,3.774,2018,0.262,0.908,0.402,0.221,0.155,0.049,0,0,3,003,0,0,0,0,0,0
Madagascar,Sub-Saharan Africa,3.933,2019,0.274,0.916,0.555,0.148,0.169,0.041,0,0,4,004,0,0,0,0,0,0
Malawi,Sub-Saharan Africa,4.292,2015,0.01604,0.41134,0.22562,0.43054,0.33128,0.06977,0,0,0,000,0,0,0,0,0,0
Malawi,Sub-Saharan Africa,4.156,2016,0.08709,0.147,0.29364,0.4143,0.30968,0.07564,0,0,1,001,0,0,0,0,0,0
Malawi,Sub-Saharan Africa,3.9700000286,2017,0.2334420383,0.5125688314,0.3150895834,0.4669146538,0.2871704698,0.072711654,0,0,2,002,0,0,0,0,0,0
Malawi,Sub-Saharan Africa,3.587,2018,0.186,0.541,0.306,0.531,0.21,0.08,0,0,3,003,0,0,0,0,0,0
Malawi,Sub-Saharan Africa,3.41,2019,0.191,0.56,0.495,0.443,0.218,0.089,0,0,4,004,0,0,0,0,0,0
Malaysia,Asia,5.77,2015,1.12486,1.07023,0.72394,0.53024,0.33075,0.10501,1,0,0,000,1,0,0,0,0,0
Malaysia,Asia,6.005,2016,1.25142,0.88025,0.62366,0.39031,0.41474,0.09081,1,0,1,001,1,0,0,0,0,0
Malaysia,Asia,6.0840001106,2017,1.2912154198,1.2846460342,0.6187844276,0.4022649825,0.4166089296,0.0656007081,1,0,2,002,1,0,0,0,0,0
Malaysia,Asia,6.322,2018,1.161,1.258,0.669,0.356,0.311,0.059,1,0,3,003,1,0,0,0,0,0
Malaysia,Asia,5.339,2019,1.221,1.171,0.828,0.508,0.26,0.024,1,0,4,004,1,0,0,0,0,0
Maldives,Asia,,2015,,,,,,,0,0,0,000,1,0,0,0,0,0
Maldives,Asia,,2016,,,,,,,0,0,1,001,1,0,0,0,0,0
Maldives,Asia,,2017,,,,,,,0,0,2,002,1,0,0,0,0,0
Maldives,Asia,,2018,,,,,,,0,0,3,003,1,0,0,0,0,0
Maldives,Asia,,2019,,,,,,,0,0,4,004,1,0,0,0,0,0
Mali,Sub-Saharan Africa,3.995,2015,0.26074,1.03526,0.20583,0.38857,0.18798,0.12352,0,0,0,000,0,0,0,0,0,0
Mali,Sub-Saharan Africa,4.073,2016,0.31292,0.86333,0.16347,0.27544,0.21064,0.13647,0,0,1,001,0,0,0,0,0,0
Mali,Sub-Saharan Africa,4.1900000572,2017,0.4761804938,1.2814733982,0.1693656743,0.3066137433,0.1833541989,0.1049702466,0,0,2,002,0,0,0,0,0,0
Mali,Sub-Saharan Africa,4.447,2018,0.37,1.233,0.152,0.367,0.139,0.056,0,0,3,003,0,0,0,0,0,0
Mali,Sub-Saharan Africa,4.39,2019,0.385,1.105,0.308,0.327,0.153,0.052,0,0,4,004,0,0,0,0,0,0
Malta,"NA, ANZ, and Western Europe",6.302,2015,1.2074,1.30203,0.88721,0.60365,0.51752,0.13586,1,0,0,000,0,0,0,0,0,1
Malta,"NA, ANZ, and Western Europe",6.488,2016,1.30782,1.09879,0.80315,0.54994,0.56237,0.17554,1,0,1,001,0,0,0,0,0,1
Malta,"NA, ANZ, and Western Europe",6.5269999504,2017,1.3432798386,1.488411665,0.8219442368,0.5887670517,0.5747305751,0.1530660689,1,0,2,002,0,0,0,0,0,1
Malta,"NA, ANZ, and Western Europe",6.627,2018,1.27,1.525,0.884,0.645,0.376,0.142,1,0,3,003,0,0,0,0,0,1
Malta,"NA, ANZ, and Western Europe",6.726,2019,1.3,1.52,0.999,0.564,0.375,0.151,1,0,4,004,0,0,0,0,0,1
Mauritania,Sub-Saharan Africa,4.436,2015,0.45407,0.86908,0.35874,0.24232,0.219,0.17461,0,0,0,000,0,0,0,0,0,0
Mauritania,Sub-Saharan Africa,4.201,2016,0.61391,0.84142,0.28639,0.1268,0.22686,0.17955,0,0,1,001,0,0,0,0,0,0
Mauritania,Sub-Saharan Africa,4.2919998169,2017,0.6484572887,1.2720308304,0.2853492796,0.096098043,0.2018700242,0.1369570047,0,0,2,002,0,0,0,0,0,0
Mauritania,Sub-Saharan Africa,4.356,2018,0.557,1.245,0.292,0.129,0.134,0.093,0,0,3,003,0,0,0,0,0,0
Mauritania,Sub-Saharan Africa,4.49,2019,0.57,1.167,0.489,0.066,0.106,0.088,0,0,4,004,0,0,0,0,0,0
Mauritius,Sub-Saharan Africa,5.477,2015,1.00761,0.98521,0.7095,0.56066,0.37744,0.07521,1,0,0,000,0,0,0,0,0,0
Mauritius,Sub-Saharan Africa,5.648,2016,1.14372,0.75695,0.66189,0.46145,0.36951,0.05203,1,0,1,001,0,0,0,0,0,0
Mauritius,Sub-Saharan Africa,5.6290001869,2017,1.1893955469,1.2095609903,0.638007462,0.4912473261,0.3609337509,0.0421815552,1,0,2,002,0,0,0,0,0,0
Mauritius,Sub-Saharan Africa,5.891,2018,1.09,1.387,0.684,0.584,0.245,0.05,1,0,3,003,0,0,0,0,0,0
Mauritius,Sub-Saharan Africa,5.888,2019,1.12,1.402,0.798,0.498,0.215,0.06,1,0,4,004,0,0,0,0,0,0
Mexico,Latin America and Caribbean,7.187,2015,1.02054,0.91451,0.81444,0.48181,0.14074,0.21312,1,0,0,000,0,0,0,1,0,0
Mexico,Latin America and Caribbean,6.778,2016,1.11508,0.7146,0.71143,0.37709,0.11735,0.18355,1,0,1,001,0,0,0,1,0,0
Mexico,Latin America and Caribbean,6.5780000687,2017,1.1531838179,1.2108621597,0.7099789977,0.4127300084,0.1209904328,0.1327741146,1,0,2,002,0,0,0,1,0,0
Mexico,Latin America and Caribbean,6.488,2018,1.038,1.252,0.761,0.479,0.069,0.095,1,0,3,003,0,0,0,1,0,0
Mexico,Latin America and Caribbean,6.595,2019,1.07,1.323,0.861,0.433,0.074,0.073,1,0,4,004,0,0,0,1,0,0
Moldova,Commonwealth of Independent States,5.889,2015,0.59448,1.01528,0.61826,0.32818,0.20951,0.01615,1,0,0,000,0,0,1,0,0,0
Moldova,Commonwealth of Independent States,5.897,2016,0.69177,0.83132,0.52309,0.25202,0.19997,0.01903,1,0,1,001,0,0,1,0,0,0
Moldova,Commonwealth of Independent States,5.8379998207,2017,0.7288706303,1.2518255711,0.5894652009,0.2407290488,0.2087791264,0.0100912862,1,0,2,002,0,0,1,0,0,0
Moldova,Commonwealth of Independent States,5.64,2018,0.657,1.301,0.62,0.232,0.171,0,1,0,3,003,0,0,1,0,0,0
Moldova,Commonwealth of Independent States,5.529,2019,0.685,1.328,0.739,0.245,0.181,0,1,0,4,004,0,0,1,0,0,0
Mongolia,Asia,4.874,2015,0.82819,1.3006,0.60268,0.43626,0.3323,0.02666,0,0,0,000,1,0,0,0,0,0
Mongolia,Asia,4.907,2016,0.98853,1.08983,0.55469,0.35972,0.34539,0.03285,0,0,1,001,1,0,0,0,0,0
Mongolia,Asia,4.9549999237,2017,1.0272358656,1.4930112362,0.5577834845,0.3941439688,0.3384642303,0.0329022892,0,0,2,002,1,0,0,0,0,0
Mongolia,Asia,5.125,2018,0.914,1.517,0.575,0.395,0.253,0.032,1,0,3,003,1,0,0,0,0,0
Mongolia,Asia,5.285,2019,0.948,1.531,0.667,0.317,0.235,0.038,1,0,4,004,1,0,0,0,0,0
Montenegro,Central and Eastern Europe,5.192,2015,0.97438,0.90557,0.72521,0.1826,0.1614,0.14296,1,0,0,000,0,1,0,0,0,0
Montenegro,Central and Eastern Europe,5.161,2016,1.07838,0.74173,0.63533,0.15111,0.17191,0.12721,1,0,1,001,0,1,0,0,0,0
Montenegro,Central and Eastern Europe,5.2369999886,2017,1.1211290359,1.2383764982,0.6674646735,0.1949890554,0.1979110241,0.0881741941,1,0,2,002,0,1,0,0,0,0
Montenegro,Central and Eastern Europe,5.347,2018,1.017,1.279,0.729,0.259,0.111,0.081,1,0,3,003,0,1,0,0,0,0
Montenegro,Central and Eastern Europe,5.523,2019,1.051,1.361,0.871,0.197,0.142,0.08,1,0,4,004,0,1,0,0,0,0
Morocco,Middle East and North Africa,5.013,2015,0.73479,0.64095,0.60954,0.41691,0.07172,0.08546,1,0,0,000,0,0,0,0,1,0
Morocco,Middle East and North Africa,5.151,2016,0.84058,0.38595,0.59471,0.25646,0.04053,0.08404,1,0,1,001,0,0,0,0,1,0
Morocco,Middle East and North Africa,5.2350001335,2017,0.8781145811,0.7748644352,0.597710669,0.4081583321,0.0322099552,0.0877631828,1,0,2,002,0,0,0,0,1,0
Morocco,Middle East and North Africa,5.254,2018,0.779,0.797,0.669,0.46,0.026,0.074,1,0,3,003,0,0,0,0,1,0
Morocco,Middle East and North Africa,5.208,2019,0.801,0.782,0.782,0.418,0.036,0.076,1,0,4,004,0,0,0,0,1,0
Mozambique,Sub-Saharan Africa,4.971,2015,0.08308,1.02626,0.09131,0.34037,0.22269,0.15603,0,0,0,000,0,0,0,0,0,0
Mozambique,Sub-Saharan Africa,,2016,,,,,,,0,0,1,001,0,0,0,0,0,0
Mozambique,Sub-Saharan Africa,4.5500001907,2017,0.23430565,0.870701015,0.1066544354,0.4807910919,0.3222281039,0.1794363856,0,0,2,002,0,0,0,0,0,0
Mozambique,Sub-Saharan Africa,4.417,2018,0.198,0.902,0.173,0.531,0.206,0.158,0,0,3,003,0,0,0,0,0,0
Mozambique,Sub-Saharan Africa,4.466,2019,0.204,0.986,0.39,0.494,0.197,0.138,0,0,4,004,0,0,0,0,0,0
Myanmar,Asia,4.307,2015,0.27108,0.70905,0.48246,0.44017,0.79588,0.19034,0,0,0,000,1,0,0,0,0,0
Myanmar,Asia,4.395,2016,0.34112,0.69981,0.3988,0.42692,0.81971,0.20243,0,0,1,001,1,0,0,0,0,0
Myanmar,Asia,4.5450000763,2017,0.3671105504,1.1232359409,0.3975225687,0.5144920349,0.838075161,0.1888162047,0,0,2,002,1,0,0,0,0,0
Myanmar,Asia,4.308,2018,0.682,1.174,0.429,0.58,0.598,0.178,0,0,3,003,1,0,0,0,0,0
Myanmar,Asia,4.36,2019,0.71,1.181,0.555,0.525,0.566,0.172,0,0,4,004,1,0,0,0,0,0
Namibia,Sub-Saharan Africa,,2015,,,,,,,0,0,0,000,0,0,0,0,0,0
Namibia,Sub-Saharan Africa,4.574,2016,0.93287,0.70362,0.34745,0.48614,0.07795,0.10398,0,0,1,001,0,0,0,0,0,0
Namibia,Sub-Saharan Africa,4.5739998817,2017,0.9644343257,1.0984708071,0.3386118114,0.5203035474,0.077133745,0.0931469724,0,0,2,002,0,0,0,0,0,0
Namibia,Sub-Saharan Africa,4.441,2018,0.874,1.281,0.365,0.519,0.051,0.064,0,0,3,003,0,0,0,0,0,0
Namibia,Sub-Saharan Africa,4.639,2019,0.879,1.313,0.477,0.401,0.07,0.056,0,0,4,004,0,0,0,0,0,0
Nepal,Asia,4.514,2015,0.35997,0.86449,0.56874,0.38282,0.32296,0.05907,0,0,0,000,1,0,0,0,0,0
Nepal,Asia,4.793,2016,0.44626,0.69699,0.50073,0.37012,0.3816,0.07008,0,0,1,001,1,0,0,0,0,0
Nepal,Asia,4.9619998932,2017,0.4798201919,1.1792832613,0.5041307807,0.4403059483,0.3940961659,0.0729755461,0,0,2,002,1,0,0,0,0,0
Nepal,Asia,4.88,2018,0.425,1.228,0.539,0.526,0.302,0.078,0,0,3,003,1,0,0,0,0,0
Nepal,Asia,4.913,2019,0.446,1.226,0.677,0.439,0.285,0.089,0,0,4,004,1,0,0,0,0,0
Netherlands,"NA, ANZ, and Western Europe",7.378,2015,1.32944,1.28017,0.89284,0.61576,0.4761,0.31814,1,0,0,000,0,0,0,0,0,1
Netherlands,"NA, ANZ, and Western Europe",7.339,2016,1.46468,1.02912,0.81231,0.55211,0.47416,0.29927,1,0,1,001,0,0,0,0,0,1
Netherlands,"NA, ANZ, and Western Europe",7.376999855,2017,1.5039446354,1.4289392233,0.810696125,0.5853844881,0.4704898298,0.2826618254,1,0,2,002,0,0,0,0,0,1
Netherlands,"NA, ANZ, and Western Europe",7.441,2018,1.361,1.488,0.878,0.638,0.333,0.295,1,0,3,003,0,0,0,0,0,1
Netherlands,"NA, ANZ, and Western Europe",7.488,2019,1.396,1.522,0.999,0.557,0.322,0.298,1,0,4,004,0,0,0,0,0,1
New Zealand,"NA, ANZ, and Western Europe",7.286,2015,1.25018,1.31967,0.90837,0.63938,0.47501,0.42922,1,0,0,000,0,0,0,0,0,1
New Zealand,"NA, ANZ, and Western Europe",7.334,2016,1.36066,1.17278,0.83096,0.58147,0.49401,0.41904,1,0,1,001,0,0,0,0,0,1
New Zealand,"NA, ANZ, and Western Europe",7.3140001297,2017,1.405706048,1.5481951237,0.8167597055,0.6140621305,0.500005126,0.3828167021,1,0,2,002,0,0,0,0,0,1
New Zealand,"NA, ANZ, and Western Europe",7.324,2018,1.268,1.601,0.876,0.669,0.365,0.389,1,0,3,003,0,0,0,0,0,1
New Zealand,"NA, ANZ, and Western Europe",7.307,2019,1.303,1.557,1.026,0.585,0.33,0.38,1,0,4,004,0,0,0,0,0,1
Nicaragua,Latin America and Caribbean,5.828,2015,0.59325,1.14184,0.74314,0.55475,0.27815,0.19317,1,0,0,000,0,0,0,1,0,0
Nicaragua,Latin America and Caribbean,5.992,2016,0.69384,0.89521,0.65213,0.46582,0.29773,0.16292,1,0,1,001,0,0,0,1,0,0
Nicaragua,Latin America and Caribbean,6.0710000992,2017,0.7372992039,1.2872157097,0.6530959606,0.4475518465,0.301674217,0.1306879818,1,0,2,002,0,0,0,1,0,0
Nicaragua,Latin America and Caribbean,6.141,2018,0.668,1.319,0.7,0.527,0.208,0.128,1,0,3,003,0,0,0,1,0,0
Nicaragua,Latin America and Caribbean,6.105,2019,0.694,1.325,0.835,0.435,0.2,0.127,1,0,4,004,0,0,0,1,0,0
Niger,Sub-Saharan Africa,3.845,2015,0.0694,0.77265,0.29707,0.47692,0.19387,0.15639,0,0,0,000,0,0,0,0,0,0
Niger,Sub-Saharan Africa,3.856,2016,0.1327,0.6053,0.26162,0.38041,0.2097,0.17176,0,0,1,001,0,0,0,0,0,0
Niger,Sub-Saharan Africa,4.0279998779,2017,0.1619253308,0.9930250049,0.268505007,0.3636586964,0.2286738455,0.1385729462,0,0,2,002,0,0,0,0,0,0
Niger,Sub-Saharan Africa,4.166,2018,0.131,0.867,0.221,0.39,0.175,0.099,0,0,3,003,0,0,0,0,0,0
Niger,Sub-Saharan Africa,4.628,2019,0.138,0.774,0.366,0.318,0.188,0.102,0,0,4,004,0,0,0,0,0,0
Nigeria,Sub-Saharan Africa,5.268,2015,0.65435,0.90432,0.16007,0.34334,0.27233,0.0403,1,0,0,000,0,0,0,0,0,0
Nigeria,Sub-Saharan Africa,4.875,2016,0.75216,0.64498,0.05108,0.27854,0.23219,0.0305,0,0,1,001,0,0,0,0,0,0
Nigeria,Sub-Saharan Africa,5.0739998817,2017,0.7837562561,1.215770483,0.0569157302,0.3949525654,0.2309471965,0.0261215661,1,0,2,002,0,0,0,0,0,0
Nigeria,Sub-Saharan Africa,5.155,2018,0.689,1.172,0.048,0.462,0.201,0.032,1,0,3,003,0,0,0,0,0,0
Nigeria,Sub-Saharan Africa,5.265,2019,0.696,1.111,0.245,0.426,0.215,0.041,1,0,4,004,0,0,0,0,0,0
North Cyprus,"NA, ANZ, and Western Europe",5.695,2015,1.20806,1.07008,0.92356,0.49027,0.26169,0.1428,1,0,0,000,0,0,0,0,0,1
North Cyprus,"NA, ANZ, and Western Europe",5.771,2016,1.31141,0.81826,0.84142,0.43596,0.26322,0.16578,1,0,1,001,0,0,0,0,0,1
North Cyprus,"NA, ANZ, and Western Europe",5.8099999428,2017,1.3469113111,1.1863033772,0.8346472383,0.4712036252,0.2668457031,0.1553533524,1,0,2,002,0,0,0,0,0,1
North Cyprus,"NA, ANZ, and Western Europe",,2018,,,,,,,0,0,3,003,0,0,0,0,0,1
North Cyprus,"NA, ANZ, and Western Europe",,2019,,,,,,,0,0,4,004,0,0,0,0,0,1
North Macedonia,Central and Eastern Europe,,2015,,,,,,,0,0,0,000,0,1,0,0,0,0
North Macedonia,Central and Eastern Europe,,2016,,,,,,,0,0,1,001,0,1,0,0,0,0
North Macedonia,Central and Eastern Europe,,2017,,,,,,,0,0,2,002,0,1,0,0,0,0
North Macedonia,Central and Eastern Europe,,2018,,,,,,,0,0,3,003,0,1,0,0,0,0
North Macedonia,Central and Eastern Europe,5.274,2019,0.983,1.294,0.838,0.345,0.185,0.034,1,0,4,004,0,1,0,0,0,0
Norway,"NA, ANZ, and Western Europe",7.522,2015,1.459,1.33095,0.88521,0.66973,0.34699,0.36503,1,0,0,000,0,0,0,0,0,1
Norway,"NA, ANZ, and Western Europe",7.498,2016,1.57744,1.1269,0.79579,0.59609,0.37895,0.35776,1,0,1,001,0,0,0,0,0,1
Norway,"NA, ANZ, and Western Europe",7.5370001793,2017,1.6164631844,1.5335235596,0.796666503,0.6354225874,0.3620122373,0.3159638345,1,0,2,002,0,0,0,0,0,1
Norway,"NA, ANZ, and Western Europe",7.594,2018,1.456,1.582,0.861,0.686,0.286,0.34,1,0,3,003,0,0,0,0,0,1
Norway,"NA, ANZ, and Western Europe",7.554,2019,1.488,1.582,1.028,0.603,0.271,0.341,1,0,4,004,0,0,0,0,0,1
Oman,Middle East and North Africa,6.853,2015,1.36011,1.08182,0.76276,0.63274,0.21542,0.32524,1,0,0,000,0,0,0,0,1,0
Oman,Middle East and North Africa,,2016,,,,,,,0,0,1,001,0,0,0,0,1,0
Oman,Middle East and North Africa,,2017,,,,,,,0,0,2,002,0,0,0,0,1,0
Oman,Middle East and North Africa,,2018,,,,,,,0,0,3,003,0,0,0,0,1,0
Oman,Middle East and North Africa,,2019,,,,,,,0,0,4,004,0,0,0,0,1,0
Pakistan,Asia,5.194,2015,0.59543,0.41411,0.51466,0.12102,0.33671,0.10464,1,0,0,000,1,0,0,0,0,0
Pakistan,Asia,5.132,2016,0.68816,0.26135,0.40306,0.14622,0.31185,0.1388,1,0,1,001,1,0,0,0,0,0
Pakistan,Asia,5.2690000534,2017,0.7268835306,0.6726906896,0.4020477831,0.2352152616,0.3154460192,0.1243480667,1,0,2,002,1,0,0,0,0,0
Pakistan,Asia,5.472,2018,0.652,0.81,0.424,0.334,0.216,0.113,1,0,3,003,1,0,0,0,0,0
Pakistan,Asia,5.653,2019,0.677,0.886,0.535,0.313,0.22,0.098,1,0,4,004,1,0,0,0,0,0
Palestinian Territorie,Middle East and North Africa,4.715,2015,0.59867,0.92558,0.66015,0.24499,0.11251,0.12905,0,0,0,000,0,0,0,0,1,0
Palestinian Territorie,Middle East and North Africa,4.754,2016,0.67024,0.71629,0.56844,0.17744,0.11154,0.10613,0,0,1,001,0,0,0,0,1,0
Palestinian Territorie,Middle East and North Africa,4.7750000954,2017,0.7162492275,1.1556471586,0.5656669736,0.2547110617,0.1141731739,0.0892826021,0,0,2,002,0,0,0,0,1,0
Palestinian Territorie,Middle East and North Africa,4.743,2018,0.642,1.217,0.602,0.266,0.086,0.076,0,0,3,003,0,0,0,0,1,0
Palestinian Territorie,Middle East and North Africa,4.696,2019,0.657,1.247,0.672,0.225,0.103,0.066,0,0,4,004,0,0,0,0,1,0
Panama,Latin America and Caribbean,6.786,2015,1.06353,1.1985,0.79661,0.5421,0.24434,0.0927,1,0,0,000,0,0,0,1,0,0
Panama,Latin America and Caribbean,6.701,2016,1.18306,0.98912,0.70835,0.48927,0.2418,0.08423,1,0,1,001,0,0,0,1,0,0
Panama,Latin America and Caribbean,6.4520001411,2017,1.233748436,1.3731925488,0.7061561346,0.550026834,0.2105569392,0.070983924,1,0,2,002,0,0,0,1,0,0
Panama,Latin America and Caribbean,6.43,2018,1.112,1.438,0.759,0.597,0.125,0.063,1,0,3,003,0,0,0,1,0,0
Panama,Latin America and Caribbean,6.321,2019,1.149,1.442,0.91,0.516,0.109,0.054,1,0,4,004,0,0,0,1,0,0
Paraguay,Latin America and Caribbean,5.878,2015,0.75985,1.30477,0.66098,0.53899,0.3424,0.08242,1,0,0,000,0,0,0,1,0,0
Paraguay,Latin America and Caribbean,5.538,2016,0.89373,1.11111,0.58295,0.46235,0.25296,0.07396,1,0,1,001,0,0,0,1,0,0
Paraguay,Latin America and Caribbean,5.4930000305,2017,0.9325373173,1.5072848797,0.5792506933,0.4735077918,0.2241506577,0.0910659134,1,0,2,002,0,0,0,1,0,0
Paraguay,Latin America and Caribbean,5.681,2018,0.835,1.522,0.615,0.541,0.162,0.074,1,0,3,003,0,0,0,1,0,0
Paraguay,Latin America and Caribbean,5.743,2019,0.855,1.475,0.777,0.514,0.184,0.08,1,0,4,004,0,0,0,1,0,0
Peru,Latin America and Caribbean,5.824,2015,0.90019,0.97459,0.73017,0.41496,0.14982,0.05989,1,0,0,000,0,0,0,1,0,0
Peru,Latin America and Caribbean,5.743,2016,0.99602,0.81255,0.62994,0.37502,0.14527,0.05292,1,0,1,001,0,0,0,1,0,0
Peru,Latin America and Caribbean,5.7150001526,2017,1.0352252722,1.2187703848,0.6301661134,0.4500028789,0.1268197149,0.0470490865,1,0,2,002,0,0,0,1,0,0
Peru,Latin America and Caribbean,5.663,2018,0.934,1.249,0.674,0.53,0.092,0.034,1,0,3,003,0,0,0,1,0,0
Peru,Latin America and Caribbean,5.697,2019,0.96,1.274,0.854,0.455,0.083,0.027,1,0,4,004,0,0,0,1,0,0
Philippines,Asia,5.073,2015,0.70532,1.03516,0.58114,0.62545,0.24991,0.12279,1,0,0,000,1,0,0,0,0,0
Philippines,Asia,5.279,2016,0.81217,0.87877,0.47036,0.54854,0.21674,0.11757,1,0,1,001,1,0,0,0,0,0
Philippines,Asia,5.4299998283,2017,0.8576992154,1.2539175749,0.4680090547,0.5852146745,0.1935134232,0.099331893,1,0,2,002,1,0,0,0,0,0
Philippines,Asia,5.524,2018,0.775,1.312,0.513,0.643,0.12,0.105,1,0,3,003,1,0,0,0,0,0
Philippines,Asia,5.631,2019,0.807,1.293,0.657,0.558,0.117,0.107,1,0,4,004,1,0,0,0,0,0
Poland,Central and Eastern Europe,5.791,2015,1.12555,1.27948,0.77903,0.53122,0.16759,0.04212,1,0,0,000,0,1,0,0,0,0
Poland,Central and Eastern Europe,5.835,2016,1.24585,1.04685,0.69058,0.4519,0.14443,0.055,1,0,1,001,0,1,0,0,0,0
Poland,Central and Eastern Europe,5.9730000496,2017,1.2917878628,1.4457119703,0.699475348,0.5203421116,0.1584659666,0.0593078062,1,0,2,002,0,1,0,0,0,0
Poland,Central and Eastern Europe,6.123,2018,1.176,1.448,0.781,0.546,0.108,0.064,1,0,3,003,0,1,0,0,0,0
Poland,Central and Eastern Europe,6.182,2019,1.206,1.438,0.884,0.483,0.117,0.05,1,0,4,004,0,1,0,0,0,0
Portugal,"NA, ANZ, and Western Europe",5.102,2015,1.15991,1.13935,0.87519,0.51469,0.13719,0.01078,1,0,0,000,0,0,0,0,0,1
Portugal,"NA, ANZ, and Western Europe",5.123,2016,1.27607,0.94367,0.79363,0.44727,0.11691,0.01521,1,0,1,001,0,0,0,0,0,1
Portugal,"NA, ANZ, and Western Europe",5.1950001717,2017,1.3151752949,1.3670430183,0.7958435416,0.4984652996,0.0951027125,0.0158694517,1,0,2,002,0,0,0,0,0,1
Portugal,"NA, ANZ, and Western Europe",5.41,2018,1.188,1.429,0.884,0.562,0.055,0.017,1,0,3,003,0,0,0,0,0,1
Portugal,"NA, ANZ, and Western Europe",5.693,2019,1.221,1.431,0.999,0.508,0.047,0.025,1,0,4,004,0,0,0,0,0,1
Puerto Rico,Latin America and Caribbean,,2015,,,,,,,0,0,0,000,0,0,0,1,0,0
Puerto Rico,Latin America and Caribbean,7.039,2016,1.35943,1.08113,0.77758,0.46823,0.22202,0.12275,1,0,1,001,0,0,0,1,0,0
Puerto Rico,Latin America and Caribbean,,2017,,,,,,,0,0,2,002,0,0,0,1,0,0
Puerto Rico,Latin America and Caribbean,,2018,,,,,,,0,0,3,003,0,0,0,1,0,0
Puerto Rico,Latin America and Caribbean,,2019,,,,,,,0,0,4,004,0,0,0,1,0,0
Qatar,Middle East and North Africa,6.611,2015,1.69042,1.0786,0.79733,0.6404,0.32573,0.52208,1,0,0,000,0,0,0,0,1,0
Qatar,Middle East and North Africa,6.375,2016,1.82427,0.87964,0.71723,0.56679,0.32388,0.48049,1,0,1,001,0,0,0,0,1,0
Qatar,Middle East and North Africa,6.375,2017,1.870765686,1.2742968798,0.7100980878,0.6041309834,0.33047387,0.4392992556,1,0,2,002,0,0,0,0,1,0
Qatar,Middle East and North Africa,6.374,2018,1.649,1.303,0.748,0.654,0.256,0.171,1,0,3,003,0,0,0,0,1,0
Qatar,Middle East and North Africa,6.374,2019,1.684,1.313,0.871,0.555,0.22,0.167,1,0,4,004,0,0,0,0,1,0
Romania,Central and Eastern Europe,5.124,2015,1.04345,0.88588,0.7689,0.35068,0.13748,0.00649,1,0,0,000,0,1,0,0,0,0
Romania,Central and Eastern Europe,5.528,2016,1.1697,0.72803,0.67602,0.36712,0.12889,0.00679,1,0,1,001,0,1,0,0,0,0
Romania,Central and Eastern Europe,5.8249998093,2017,1.2176839113,1.1500912905,0.6851583123,0.4570037425,0.1335199177,0.0043879007,1,0,2,002,0,1,0,0,0,0
Romania,Central and Eastern Europe,5.945,2018,1.116,1.219,0.726,0.528,0.088,0.001,1,0,3,003,0,1,0,0,0,0
Romania,Central and Eastern Europe,6.07,2019,1.162,1.232,0.825,0.462,0.083,0.005,1,0,4,004,0,1,0,0,0,0
Russia,Commonwealth of Independent States,5.716,2015,1.13764,1.23617,0.66926,0.36679,0.00199,0.03005,1,0,0,000,0,0,1,0,0,0
Russia,Commonwealth of Independent States,5.856,2016,1.23228,1.05261,0.58991,0.32682,0.02736,0.03586,1,0,1,001,0,0,1,0,0,0
Russia,Commonwealth of Independent States,5.9629998207,2017,1.2817780972,1.4692823887,0.5473493338,0.3737831116,0.0522638224,0.032962881,1,0,2,002,0,0,1,0,0,0
Russia,Commonwealth of Independent States,5.81,2018,1.151,1.479,0.599,0.399,0.065,0.025,1,0,3,003,0,0,1,0,0,0
Russia,Commonwealth of Independent States,5.648,2019,1.183,1.452,0.726,0.334,0.082,0.031,1,0,4,004,0,0,1,0,0,0
Rwanda,Sub-Saharan Africa,3.465,2015,0.22208,0.7737,0.42864,0.59201,0.22628,0.55191,0,0,0,000,0,0,0,0,0,0
Rwanda,Sub-Saharan Africa,3.515,2016,0.32846,0.61586,0.31865,0.5432,0.23552,0.50521,0,0,1,001,0,0,0,0,0,0
Rwanda,Sub-Saharan Africa,3.4709999561,2017,0.3687458932,0.9457070231,0.3264248073,0.581843853,0.2527560294,0.4552200139,0,0,2,002,0,0,0,0,0,0
Rwanda,Sub-Saharan Africa,3.408,2018,0.332,0.896,0.4,0.636,0.2,0.444,0,0,3,003,0,0,0,0,0,0
Rwanda,Sub-Saharan Africa,3.334,2019,0.359,0.711,0.614,0.555,0.217,0.411,0,0,4,004,0,0,0,0,0,0
Saudi Arabia,Middle East and North Africa,6.411,2015,1.39541,1.08393,0.72025,0.31048,0.13706,0.32524,1,0,0,000,0,0,0,0,1,0
Saudi Arabia,Middle East and North Africa,6.379,2016,1.48953,0.84829,0.59267,0.37904,0.15457,0.30008,1,0,1,001,0,0,0,0,1,0
Saudi Arabia,Middle East and North Africa,6.3439998627,2017,1.5306235552,1.286677599,0.5901483297,0.4497505724,0.1476160139,0.2734322548,1,0,2,002,0,0,0,0,1,0
Saudi Arabia,Middle East and North Africa,6.371,2018,1.379,1.331,0.633,0.509,0.098,0.127,1,0,3,003,0,0,0,0,1,0
Saudi Arabia,Middle East and North Africa,6.375,2019,1.403,1.357,0.795,0.439,0.08,0.132,1,0,4,004,0,0,0,0,1,0
Senegal,Sub-Saharan Africa,3.904,2015,0.36498,0.97619,0.4354,0.36772,0.20843,0.10713,0,0,0,000,0,0,0,0,0,0
Senegal,Sub-Saharan Africa,4.219,2016,0.44314,0.77416,0.40457,0.31056,0.19103,0.11681,0,0,1,001,0,0,0,0,0,0
Senegal,Sub-Saharan Africa,4.5349998474,2017,0.4793090224,1.1796919107,0.4093628526,0.3779222667,0.1834688932,0.115460448,0,0,2,002,0,0,0,0,0,0
Senegal,Sub-Saharan Africa,4.631,2018,0.429,1.117,0.433,0.406,0.138,0.082,0,0,3,003,0,0,0,0,0,0
Senegal,Sub-Saharan Africa,4.681,2019,0.45,1.134,0.571,0.292,0.153,0.072,0,0,4,004,0,0,0,0,0,0
Serbia,Central and Eastern Europe,5.123,2015,0.92053,1.00964,0.74836,0.20107,0.19231,0.02617,1,0,0,000,0,1,0,0,0,0
Serbia,Central and Eastern Europe,5.177,2016,1.03437,0.81329,0.6458,0.15718,0.20737,0.04339,1,0,1,001,0,1,0,0,0,0
Serbia,Central and Eastern Europe,5.3949999809,2017,1.0693175793,1.2581897974,0.6507846713,0.2087155282,0.2201258838,0.0409037806,1,0,2,002,0,1,0,0,0,0
Serbia,Central and Eastern Europe,5.398,2018,0.975,1.369,0.685,0.288,0.134,0.043,1,0,3,003,0,1,0,0,0,0
Serbia,Central and Eastern Europe,5.603,2019,1.004,1.383,0.854,0.282,0.137,0.039,1,0,4,004,0,1,0,0,0,0
Sierra Leone,Sub-Saharan Africa,4.507,2015,0.33024,0.95571,0,0.4084,0.21488,0.08786,0,0,0,000,0,0,0,0,0,0
Sierra Leone,Sub-Saharan Africa,4.635,2016,0.36485,0.628,0,0.30685,0.23897,0.08196,0,0,1,001,0,0,0,0,0,0
Sierra Leone,Sub-Saharan Africa,4.7090001106,2017,0.3684209287,0.984136045,0.0055647539,0.318697691,0.2930409014,0.071095176,0,0,2,002,0,0,0,0,0,0
Sierra Leone,Sub-Saharan Africa,4.571,2018,0.256,0.813,0,0.355,0.238,0.053,0,0,3,003,0,0,0,0,0,0
Sierra Leone,Sub-Saharan Africa,4.374,2019,0.268,0.841,0.242,0.309,0.252,0.045,0,0,4,004,0,0,0,0,0,0
Singapore,Asia,6.798,2015,1.52186,1.02,1.02525,0.54252,0.31105,0.4921,1,0,0,000,1,0,0,0,0,0
Singapore,Asia,6.739,2016,1.64555,0.86758,0.94719,0.4877,0.32706,0.46987,1,0,1,001,1,0,0,0,0,0
Singapore,Asia,6.5720000267,2017,1.6922776699,1.3538143635,0.9494923949,0.5498405695,0.3459659815,0.464307785,1,0,2,002,1,0,0,0,0,0
Singapore,Asia,6.343,2018,1.529,1.451,1.008,0.631,0.261,0.457,1,0,3,003,1,0,0,0,0,0
Singapore,Asia,6.262,2019,1.572,1.463,1.141,0.556,0.271,0.453,1,0,4,004,1,0,0,0,0,0
Slovakia,Central and Eastern Europe,5.995,2015,1.16891,1.26999,0.78902,0.31751,0.16893,0.03431,1,0,0,000,0,1,0,0,0,0
Slovakia,Central and Eastern Europe,6.078,2016,1.27973,1.08268,0.70367,0.23391,0.13837,0.02947,1,0,1,001,0,1,0,0,0,0
Slovakia,Central and Eastern Europe,6.0980000496,2017,1.3253935575,1.5050592422,0.7127329111,0.2958174646,0.1365444809,0.0242108516,1,0,2,002,0,1,0,0,0,0
Slovakia,Central and Eastern Europe,6.173,2018,1.21,1.537,0.776,0.354,0.118,0.014,1,0,3,003,0,1,0,0,0,0
Slovakia,Central and Eastern Europe,6.198,2019,1.246,1.504,0.881,0.334,0.121,0.014,1,0,4,004,0,1,0,0,0,0
Slovenia,Central and Eastern Europe,5.848,2015,1.18498,1.27385,0.87337,0.60855,0.25328,0.03787,1,0,0,000,0,1,0,0,0,0
Slovenia,Central and Eastern Europe,5.768,2016,1.29947,1.05613,0.79151,0.53164,0.25738,0.03635,1,0,1,001,0,1,0,0,0,0
Slovenia,Central and Eastern Europe,5.757999897,2017,1.3412059546,1.4525188208,0.790828228,0.5725758076,0.2426490933,0.0451289788,1,0,2,002,0,1,0,0,0,0
Slovenia,Central and Eastern Europe,5.948,2018,1.219,1.506,0.856,0.633,0.16,0.051,1,0,3,003,0,1,0,0,0,0
Slovenia,Central and Eastern Europe,6.118,2019,1.258,1.523,0.953,0.564,0.144,0.057,1,0,4,004,0,1,0,0,0,0
Somalia,Sub-Saharan Africa,,2015,,,,,,,0,0,0,000,0,0,0,0,0,0
Somalia,Sub-Saharan Africa,5.44,2016,0,0.33613,0.11466,0.56778,0.27225,0.3118,1,0,1,001,0,0,0,0,0,0
Somalia,Sub-Saharan Africa,5.1510000229,2017,0.0226431843,0.7211513519,0.1139891371,0.602126956,0.2916313112,0.2824103236,1,0,2,002,0,0,0,0,0,0
Somalia,Sub-Saharan Africa,4.982,2018,0,0.712,0.115,0.674,0.238,0.282,0,0,3,003,0,0,0,0,0,0
Somalia,Sub-Saharan Africa,4.668,2019,0,0.698,0.268,0.559,0.243,0.27,0,0,4,004,0,0,0,0,0,0
Somaliland region,Sub-Saharan Africa,5.057,2015,0.18847,0.95152,0.43873,0.46582,0.50318,0.39928,1,0,0,000,0,0,0,0,0,0
Somaliland region,Sub-Saharan Africa,,2016,,,,,,,0,0,1,001,0,0,0,0,0,0
Somaliland region,Sub-Saharan Africa,,2017,,,,,,,0,0,2,002,0,0,0,0,0,0
Somaliland region,Sub-Saharan Africa,,2018,,,,,,,0,0,3,003,0,0,0,0,0,0
Somaliland region,Sub-Saharan Africa,,2019,,,,,,,0,0,4,004,0,0,0,0,0,0
South Africa,Sub-Saharan Africa,4.642,2015,0.92049,1.18468,0.27688,0.33207,0.11973,0.08884,0,0,0,000,0,0,0,0,0,0
South Africa,Sub-Saharan Africa,4.459,2016,1.02416,0.96053,0.18611,0.42483,0.13656,0.08415,0,0,1,001,0,0,0,0,0,0
South Africa,Sub-Saharan Africa,4.8289999962,2017,1.0546987057,1.3847886324,0.1870800704,0.4792467356,0.1393623799,0.0725094974,0,0,2,002,0,0,0,0,0,0
South Africa,Sub-Saharan Africa,4.724,2018,0.94,1.41,0.33,0.516,0.103,0.056,0,0,3,003,0,0,0,0,0,0
South Africa,Sub-Saharan Africa,4.722,2019,0.96,1.351,0.469,0.389,0.13,0.055,0,0,4,004,0,0,0,0,0,0
South Korea,Asia,5.984,2015,1.24461,0.95774,0.96538,0.33208,0.18557,0.07857,1,0,0,000,1,0,0,0,0,0
South Korea,Asia,5.835,2016,1.35948,0.72194,0.88645,0.25168,0.18824,0.07716,1,0,1,001,1,0,0,0,0,0
South Korea,Asia,5.8379998207,2017,1.401678443,1.1282744408,0.900214076,0.2579216659,0.2066743672,0.0632826686,1,0,2,002,1,0,0,0,0,0
South Korea,Asia,5.875,2018,1.266,1.204,0.955,0.244,0.175,0.051,1,0,3,003,1,0,0,0,0,0
South Korea,Asia,5.895,2019,1.301,1.219,1.036,0.159,0.175,0.056,1,0,4,004,1,0,0,0,0,0
South Sudan,Sub-Saharan Africa,,2015,,,,,,,0,0,0,000,0,0,0,0,0,0
South Sudan,Sub-Saharan Africa,3.832,2016,0.39394,0.18519,0.15781,0.19662,0.25899,0.13015,0,0,1,001,0,0,0,0,0,0
South Sudan,Sub-Saharan Africa,3.5910000801,2017,0.3972486258,0.6013231277,0.1634860039,0.1470624357,0.2856708169,0.1167935133,0,0,2,002,0,0,0,0,0,0
South Sudan,Sub-Saharan Africa,3.254,2018,0.337,0.608,0.177,0.112,0.224,0.106,0,0,3,003,0,0,0,0,0,0
South Sudan,Sub-Saharan Africa,2.853,2019,0.306,0.575,0.295,0.01,0.202,0.091,0,0,4,004,0,0,0,0,0,0
Spain,"NA, ANZ, and Western Europe",6.329,2015,1.23011,1.31379,0.95562,0.45951,0.18227,0.06398,1,0,0,000,0,0,0,0,0,1
Spain,"NA, ANZ, and Western Europe",6.361,2016,1.34253,1.12945,0.87896,0.37545,0.17665,0.06137,1,0,1,001,0,0,0,0,0,1
Spain,"NA, ANZ, and Western Europe",6.4029998779,2017,1.3843978643,1.5320909023,0.8889605999,0.4087812304,0.1901335716,0.0709140971,1,0,2,002,0,0,0,0,0,1
Spain,"NA, ANZ, and Western Europe",6.31,2018,1.251,1.538,0.965,0.449,0.142,0.074,1,0,3,003,0,0,0,0,0,1
Spain,"NA, ANZ, and Western Europe",6.354,2019,1.286,1.484,1.062,0.362,0.153,0.079,1,0,4,004,0,0,0,0,0,1
Sri Lanka,Asia,4.271,2015,0.83524,1.01905,0.70806,0.53726,0.40828,0.09179,0,0,0,000,1,0,0,0,0,0
Sri Lanka,Asia,4.415,2016,0.97318,0.84783,0.62007,0.50817,0.46978,0.07964,0,0,1,001,1,0,0,0,0,0
Sri Lanka,Asia,4.4400000572,2017,1.0098501444,1.259976387,0.6251308322,0.5612132549,0.4908635616,0.0736539662,0,0,2,002,1,0,0,0,0,0
Sri Lanka,Asia,4.471,2018,0.918,1.314,0.672,0.585,0.307,0.05,0,0,3,003,1,0,0,0,0,0
Sri Lanka,Asia,4.366,2019,0.949,1.265,0.831,0.47,0.244,0.047,0,0,4,004,1,0,0,0,0,0
Sudan,Sub-Saharan Africa,4.55,2015,0.52107,1.01404,0.36878,0.10081,0.19062,0.1466,0,0,0,000,0,0,0,0,0,0
Sudan,Sub-Saharan Africa,4.139,2016,0.63069,0.81928,0.29759,0,0.18077,0.10039,0,0,1,001,0,0,0,0,0,0
Sudan,Sub-Saharan Africa,4.138999939,2017,0.6595166922,1.2140085697,0.2909208238,0.0149958553,0.1823174506,0.08984752,0,0,2,002,0,0,0,0,0,0
Sudan,Sub-Saharan Africa,4.139,2018,0.605,1.24,0.312,0.016,0.134,0.082,0,0,3,003,0,0,0,0,0,0
Sudan,Sub-Saharan Africa,,2019,,,,,,,0,0,4,004,0,0,0,0,0,0
Suriname,Latin America and Caribbean,6.269,2015,0.99534,0.972,0.6082,0.59657,0.16991,0.13633,1,0,0,000,0,0,0,1,0,0
Suriname,Latin America and Caribbean,6.269,2016,1.09686,0.77866,0.50933,0.52234,0.16665,0.12692,1,0,1,001,0,0,0,1,0,0
Suriname,Latin America and Caribbean,,2017,,,,,,,0,0,2,002,0,0,0,1,0,0
Suriname,Latin America and Caribbean,,2018,,,,,,,0,0,3,003,0,0,0,1,0,0
Suriname,Latin America and Caribbean,,2019,,,,,,,0,0,4,004,0,0,0,1,0,0
Swaziland,Sub-Saharan Africa,4.867,2015,0.71206,1.07284,0.07566,0.30658,0.18259,0.0306,0,0,0,000,0,0,0,0,0,0
Swaziland,Sub-Saharan Africa,,2016,,,,,,,0,0,1,001,0,0,0,0,0,0
Swaziland,Sub-Saharan Africa,,2017,,,,,,,0,0,2,002,0,0,0,0,0,0
Swaziland,Sub-Saharan Africa,,2018,,,,,,,0,0,3,003,0,0,0,0,0,0
Swaziland,Sub-Saharan Africa,4.212,2019,0.811,1.149,0,0.313,0.074,0.135,0,0,4,004,0,0,0,0,0,0
Sweden,"NA, ANZ, and Western Europe",7.364,2015,1.33171,1.28907,0.91087,0.6598,0.36262,0.43844,1,0,0,000,0,0,0,0,0,1
Sweden,"NA, ANZ, and Western Europe",7.291,2016,1.45181,1.08764,0.83121,0.58218,0.38254,0.40867,1,0,1,001,0,0,0,0,0,1
Sweden,"NA, ANZ, and Western Europe",7.2839999199,2017,1.494387269,1.4781621695,0.8308751583,0.612924099,0.3853992522,0.3843987286,1,0,2,002,0,0,0,0,0,1
Sweden,"NA, ANZ, and Western Europe",7.314,2018,1.355,1.501,0.913,0.659,0.285,0.383,1,0,3,003,0,0,0,0,0,1
Sweden,"NA, ANZ, and Western Europe",7.343,2019,1.387,1.487,1.009,0.574,0.267,0.373,1,0,4,004,0,0,0,0,0,1
Switzerland,"NA, ANZ, and Western Europe",7.587,2015,1.39651,1.34951,0.94143,0.66557,0.29678,0.41978,1,0,0,000,0,0,0,0,0,1
Switzerland,"NA, ANZ, and Western Europe",7.509,2016,1.52733,1.14524,0.86303,0.58557,0.28083,0.41203,1,0,1,001,0,0,0,0,0,1
Switzerland,"NA, ANZ, and Western Europe",7.493999958,2017,1.5649795532,1.5169117451,0.8581312895,0.6200705767,0.2905492783,0.3670072854,1,0,2,002,0,0,0,0,0,1
Switzerland,"NA, ANZ, and Western Europe",7.487,2018,1.42,1.549,0.927,0.66,0.256,0.357,1,0,3,003,0,0,0,0,0,1
Switzerland,"NA, ANZ, and Western Europe",7.48,2019,1.452,1.526,1.052,0.572,0.263,0.343,1,0,4,004,0,0,0,0,0,1
Syria,Middle East and North Africa,3.006,2015,0.6632,0.47489,0.72193,0.15684,0.47179,0.18906,0,0,0,000,0,0,0,0,1,0
Syria,Middle East and North Africa,3.069,2016,0.74719,0.14866,0.62994,0.06912,0.48397,0.17233,0,0,1,001,0,0,0,0,1,0
Syria,Middle East and North Africa,3.4619998932,2017,0.7771531343,0.3961026073,0.5005333424,0.0815394446,0.4936637282,0.1513471305,0,0,2,002,0,0,0,0,1,0
Syria,Middle East and North Africa,3.462,2018,0.689,0.382,0.539,0.088,0.376,0.144,0,0,3,003,0,0,0,0,1,0
Syria,Middle East and North Africa,3.462,2019,0.619,0.378,0.44,0.013,0.331,0.141,0,0,4,004,0,0,0,0,1,0
Taiwan,Asia,6.298,2015,1.29098,1.07617,0.8753,0.3974,0.25376,0.08129,1,0,0,000,1,0,0,0,0,0
Taiwan,Asia,6.379,2016,1.39729,0.92624,0.79565,0.32377,0.25495,0.0663,1,0,1,001,1,0,0,0,0,0
Taiwan,Asia,,2017,,,,,,,0,0,2,002,1,0,0,0,0,0
Taiwan,Asia,6.441,2018,1.365,1.436,0.857,0.418,0.151,0.078,1,0,3,003,1,0,0,0,0,0
Taiwan,Asia,6.446,2019,1.368,1.43,0.914,0.351,0.242,0.097,1,0,4,004,1,0,0,0,0,0
Tajikistan,Commonwealth of Independent States,4.786,2015,0.39047,0.85563,0.57379,0.47216,0.22974,0.15072,0,0,0,000,0,0,1,0,0,0
Tajikistan,Commonwealth of Independent States,4.996,2016,0.48835,0.75602,0.53119,0.43408,0.25998,0.13509,0,0,1,001,0,0,1,0,0,0
Tajikistan,Commonwealth of Independent States,5.0409998894,2017,0.5247136354,1.271463275,0.5292351246,0.4715667069,0.2489976436,0.1463771462,1,0,2,002,0,0,1,0,0,0
Tajikistan,Commonwealth of Independent States,5.199,2018,0.474,1.166,0.598,0.292,0.187,0.034,1,0,3,003,0,0,1,0,0,0
Tajikistan,Commonwealth of Independent States,5.467,2019,0.493,1.098,0.718,0.389,0.23,0.144,1,0,4,004,0,0,1,0,0,0
Tanzania,Sub-Saharan Africa,3.781,2015,0.2852,1.00268,0.38215,0.32878,0.34377,0.05747,0,0,0,000,0,0,0,0,0,0
Tanzania,Sub-Saharan Africa,3.666,2016,0.47155,0.77623,0.357,0.3176,0.31472,0.05099,0,0,1,001,0,0,0,0,0,0
Tanzania,Sub-Saharan Africa,3.3489999771,2017,0.5111358762,1.0419898033,0.3645092845,0.3900177777,0.3542563617,0.0660351068,0,0,2,002,0,0,0,0,0,0
Tanzania,Sub-Saharan Africa,3.303,2018,0.455,0.991,0.381,0.481,0.27,0.097,0,0,3,003,0,0,0,0,0,0
Tanzania,Sub-Saharan Africa,3.231,2019,0.476,0.885,0.499,0.417,0.276,0.147,0,0,4,004,0,0,0,0,0,0
Thailand,Asia,6.455,2015,0.9669,1.26504,0.7385,0.55664,0.5763,0.03187,1,0,0,000,1,0,0,0,0,0
Thailand,Asia,6.474,2016,1.0893,1.04477,0.64915,0.49553,0.58696,0.02833,1,0,1,001,1,0,0,0,0,0
Thailand,Asia,6.4239997864,2017,1.1278687716,1.4257924557,0.6472390294,0.5802007318,0.5721231103,0.0316127352,1,0,2,002,1,0,0,0,0,0
Thailand,Asia,6.072,2018,1.016,1.417,0.707,0.637,0.364,0.029,1,0,3,003,1,0,0,0,0,0
Thailand,Asia,6.008,2019,1.05,1.409,0.828,0.557,0.359,0.028,1,0,4,004,1,0,0,0,0,0
Togo,Sub-Saharan Africa,2.839,2015,0.20868,0.13995,0.28443,0.36453,0.16681,0.10731,0,0,0,000,0,0,0,0,0,0
Togo,Sub-Saharan Africa,3.303,2016,0.28123,0,0.24811,0.34678,0.17517,0.11587,0,0,1,001,0,0,0,0,0,0
Togo,Sub-Saharan Africa,3.4949998856,2017,0.3054447174,0.4318825305,0.2471055686,0.3804261386,0.1968961507,0.0956650153,0,0,2,002,0,0,0,0,0,0
Togo,Sub-Saharan Africa,3.999,2018,0.259,0.474,0.253,0.434,0.158,0.101,0,0,3,003,0,0,0,0,0,0
Togo,Sub-Saharan Africa,4.085,2019,0.275,0.572,0.41,0.293,0.177,0.085,0,0,4,004,0,0,0,0,0,0
Trinidad and Tobago,Latin America and Caribbean,6.168,2015,1.21183,1.18354,0.61483,0.55884,0.31844,0.0114,1,0,0,000,0,0,0,1,0,0
Trinidad and Tobago,Latin America and Caribbean,6.168,2016,1.32572,0.98569,0.52608,0.48453,0.31935,0.01241,1,0,1,001,0,0,0,1,0,0
Trinidad and Tobago,Latin America and Caribbean,6.1680002213,2017,1.3613559008,1.3802285194,0.5199832916,0.518630743,0.3252964616,0.0089648161,1,0,2,002,0,0,0,1,0,0
Trinidad and Tobago,Latin America and Caribbean,,2018,,,,,,,0,0,3,003,0,0,0,1,0,0
Trinidad and Tobago,Latin America and Caribbean,,2019,,,,,,,0,0,4,004,0,0,0,1,0,0
Tunisia,Middle East and North Africa,4.739,2015,0.88113,0.60429,0.73793,0.26268,0.06431,0.06358,0,0,0,000,0,0,0,0,1,0
Tunisia,Middle East and North Africa,5.045,2016,0.97724,0.43165,0.59577,0.23553,0.03936,0.0817,1,0,1,001,0,0,0,0,1,0
Tunisia,Middle East and North Africa,4.8049998283,2017,1.0072658062,0.8683514595,0.613212049,0.2896806896,0.0496933572,0.0867231488,0,0,2,002,0,0,0,0,1,0
Tunisia,Middle East and North Africa,4.592,2018,0.9,0.906,0.69,0.271,0.04,0.063,0,0,3,003,0,0,0,0,1,0
Tunisia,Middle East and North Africa,4.461,2019,0.921,1,0.815,0.167,0.059,0.055,0,0,4,004,0,0,0,0,1,0
Turkey,Middle East and North Africa,5.332,2015,1.06098,0.94632,0.73172,0.22815,0.12253,0.15746,1,0,0,000,0,0,0,0,1,0
Turkey,Middle East and North Africa,5.389,2016,1.16492,0.87717,0.64718,0.23889,0.04707,0.12348,1,0,1,001,0,0,0,0,1,0
Turkey,Middle East and North Africa,5.5,2017,1.198274374,1.3377531767,0.6376056075,0.3007405996,0.0466930419,0.0996715799,1,0,2,002,0,0,0,0,1,0
Turkey,Middle East and North Africa,5.483,2018,1.148,1.38,0.686,0.324,0.106,0.109,1,0,3,003,0,0,0,0,1,0
Turkey,Middle East and North Africa,5.373,2019,1.183,1.36,0.808,0.195,0.083,0.106,1,0,4,004,0,0,0,0,1,0
Turkmenistan,Commonwealth of Independent States,5.548,2015,0.95847,1.22668,0.53886,0.4761,0.16979,0.30844,1,0,0,000,0,0,1,0,0,0
Turkmenistan,Commonwealth of Independent States,5.658,2016,1.08017,1.03817,0.44006,0.37408,0.22567,0.28467,1,0,1,001,0,0,1,0,0,0
Turkmenistan,Commonwealth of Independent States,5.8220000267,2017,1.130776763,1.4931491613,0.4377260804,0.418271929,0.2499249876,0.2592703402,1,0,2,002,0,0,1,0,0,0
Turkmenistan,Commonwealth of Independent States,5.636,2018,1.016,1.533,0.517,0.417,0.199,0.037,1,0,3,003,0,0,1,0,0,0
Turkmenistan,Commonwealth of Independent States,5.247,2019,1.052,1.538,0.657,0.394,0.244,0.028,1,0,4,004,0,0,1,0,0,0
Uganda,Sub-Saharan Africa,3.931,2015,0.21102,1.13299,0.33861,0.45727,0.29066,0.07267,0,0,0,000,0,0,0,0,0,0
Uganda,Sub-Saharan Africa,3.739,2016,0.34719,0.90981,0.19625,0.43653,0.27102,0.06442,0,0,1,001,0,0,0,0,0,0
Uganda,Sub-Saharan Africa,4.0809998512,2017,0.3814307153,1.1298277378,0.2176326066,0.4431859553,0.3257660568,0.0570697188,0,0,2,002,0,0,0,0,0,0
Uganda,Sub-Saharan Africa,4.161,2018,0.322,1.09,0.237,0.45,0.259,0.061,0,0,3,003,0,0,0,0,0,0
Uganda,Sub-Saharan Africa,4.189,2019,0.332,1.069,0.443,0.356,0.252,0.06,0,0,4,004,0,0,0,0,0,0
Ukraine,Commonwealth of Independent States,4.681,2015,0.79907,1.20278,0.6739,0.25123,0.15275,0.02961,0,0,0,000,0,0,1,0,0,0
Ukraine,Commonwealth of Independent States,4.324,2016,0.87287,1.01413,0.58628,0.12859,0.20363,0.01829,0,0,1,001,0,0,1,0,0,0
Ukraine,Commonwealth of Independent States,4.0960001945,2017,0.8946519494,1.3945375681,0.5759039521,0.1229747757,0.2700614631,0.0230294708,0,0,2,002,0,0,1,0,0,0
Ukraine,Commonwealth of Independent States,4.103,2018,0.793,1.413,0.609,0.163,0.187,0.011,0,0,3,003,0,0,1,0,0,0
Ukraine,Commonwealth of Independent States,4.332,2019,0.82,1.39,0.739,0.178,0.187,0.01,0,0,4,004,0,0,1,0,0,0
United Arab Emirates,Middle East and North Africa,6.901,2015,1.42727,1.12575,0.80925,0.64157,0.26428,0.38583,1,0,0,000,0,0,0,0,1,0
United Arab Emirates,Middle East and North Africa,6.573,2016,1.57352,0.87114,0.72993,0.56215,0.26591,0.35561,1,0,1,001,0,0,0,0,1,0
United Arab Emirates,Middle East and North Africa,6.6479997635,2017,1.6263433695,1.2664102316,0.7267982364,0.6083452702,0.3609419465,0.3244895637,1,0,2,002,0,0,0,0,1,0
United Arab Emirates,Middle East and North Africa,6.774,2018,2.096,0.776,0.67,0.284,0.186,,1,0,3,003,0,0,0,0,1,0
United Arab Emirates,Middle East and North Africa,6.825,2019,1.503,1.31,0.825,0.598,0.262,0.182,1,0,4,004,0,0,0,0,1,0
United Kingdom,"NA, ANZ, and Western Europe",6.867,2015,1.26637,1.28548,0.90943,0.59625,0.51912,0.32067,1,0,0,000,0,0,0,0,0,1
United Kingdom,"NA, ANZ, and Western Europe",6.725,2016,1.40283,1.08672,0.80991,0.50036,0.50156,0.27399,1,0,1,001,0,0,0,0,0,1
United Kingdom,"NA, ANZ, and Western Europe",6.7140002251,2017,1.4416339397,1.4964600801,0.8053359389,0.5081900358,0.4927741587,0.2654280663,1,0,2,002,0,0,0,0,0,1
United Kingdom,"NA, ANZ, and Western Europe",7.19,2018,1.244,1.433,0.888,0.464,0.262,0.082,1,0,3,003,0,0,0,0,0,1
United Kingdom,"NA, ANZ, and Western Europe",7.054,2019,1.333,1.538,0.996,0.45,0.348,0.278,1,0,4,004,0,0,0,0,0,1
United States,"NA, ANZ, and Western Europe",7.119,2015,1.39451,1.24711,0.86179,0.54604,0.40105,0.1589,1,0,0,000,0,0,0,0,0,1
United States,"NA, ANZ, and Western Europe",7.104,2016,1.50796,1.04782,0.779,0.48163,0.41077,0.14868,1,0,1,001,0,0,0,0,0,1
United States,"NA, ANZ, and Western Europe",6.9930000305,2017,1.546259284,1.4199205637,0.7742866278,0.5057405233,0.3925787807,0.1356387883,1,0,2,002,0,0,0,0,0,1
United States,"NA, ANZ, and Western Europe",6.886,2018,1.398,1.471,0.819,0.547,0.291,0.133,1,0,3,003,0,0,0,0,0,1
United States,"NA, ANZ, and Western Europe",6.892,2019,1.433,1.457,0.874,0.454,0.28,0.128,1,0,4,004,0,0,0,0,0,1
Uruguay,Latin America and Caribbean,6.485,2015,1.06166,1.2089,0.8116,0.60362,0.2324,0.24558,1,0,0,000,0,0,0,1,0,0
Uruguay,Latin America and Caribbean,6.545,2016,1.18157,1.03143,0.72183,0.54388,0.18056,0.21394,1,0,1,001,0,0,0,1,0,0
Uruguay,Latin America and Caribbean,6.4539999962,2017,1.2175596952,1.412227869,0.7192168236,0.5793922544,0.1750969291,0.1780618727,1,0,2,002,0,0,0,1,0,0
Uruguay,Latin America and Caribbean,6.379,2018,1.093,1.459,0.771,0.625,0.13,0.155,1,0,3,003,0,0,0,1,0,0
Uruguay,Latin America and Caribbean,6.293,2019,1.124,1.465,0.891,0.523,0.127,0.15,1,0,4,004,0,0,0,1,0,0
Uzbekistan,Commonwealth of Independent States,6.003,2015,0.63244,1.34043,0.59772,0.65821,0.22837,0.30826,1,0,0,000,0,0,1,0,0,0
Uzbekistan,Commonwealth of Independent States,5.987,2016,0.73591,1.1681,0.50163,0.60848,0.34326,0.28333,1,0,1,001,0,0,1,0,0,0
Uzbekistan,Commonwealth of Independent States,5.9710001945,2017,0.7864410877,1.5489691496,0.4982726276,0.6582486629,0.4159836471,0.2465282232,1,0,2,002,0,0,1,0,0,0
Uzbekistan,Commonwealth of Independent States,6.096,2018,0.719,1.584,0.605,0.724,0.328,0.259,1,0,3,003,0,0,1,0,0,0
Uzbekistan,Commonwealth of Independent States,6.174,2019,0.745,1.529,0.756,0.631,0.322,0.24,1,0,4,004,0,0,1,0,0,0
Venezuela,Latin America and Caribbean,6.81,2015,1.04424,1.25596,0.72052,0.42908,0.05841,0.11069,1,0,0,000,0,0,0,1,0,0
Venezuela,Latin America and Caribbean,6.084,2016,1.13367,1.03302,0.61904,0.19847,0.0425,0.08304,1,0,1,001,0,0,0,1,0,0
Venezuela,Latin America and Caribbean,5.25,2017,1.128431201,1.431337595,0.617144227,0.1539971232,0.0650196299,0.064491123,1,0,2,002,0,0,0,1,0,0
Venezuela,Latin America and Caribbean,4.806,2018,0.996,1.469,0.657,0.133,0.056,0.052,0,0,3,003,0,0,0,1,0,0
Venezuela,Latin America and Caribbean,4.707,2019,0.96,1.427,0.805,0.154,0.064,0.047,0,0,4,004,0,0,0,1,0,0
Vietnam,Asia,5.36,2015,0.63216,0.91226,0.74676,0.59444,0.1686,0.10441,1,0,0,000,1,0,0,0,0,0
Vietnam,Asia,5.061,2016,0.74037,0.79117,0.66157,0.55954,0.25075,0.11556,1,0,1,001,1,0,0,0,0,0
Vietnam,Asia,5.0739998817,2017,0.7885475755,1.2774913311,0.6521689892,0.5710555911,0.2349680513,0.0876332372,1,0,2,002,1,0,0,0,0,0
Vietnam,Asia,5.103,2018,0.715,1.365,0.702,0.618,0.177,0.079,1,0,3,003,1,0,0,0,0,0
Vietnam,Asia,5.175,2019,0.741,1.346,0.851,0.543,0.147,0.073,1,0,4,004,1,0,0,0,0,0
Yemen,Middle East and North Africa,4.077,2015,0.54649,0.68093,0.40064,0.35571,0.09131,0.07854,0,0,0,000,0,0,0,0,1,0
Yemen,Middle East and North Africa,3.724,2016,0.57939,0.47493,0.31048,0.2287,0.09821,0.05892,0,0,1,001,0,0,0,0,1,0
Yemen,Middle East and North Africa,3.5929999352,2017,0.5916834474,0.935382247,0.3100809157,0.2494637221,0.1041252092,0.0567674227,0,0,2,002,0,0,0,0,1,0
Yemen,Middle East and North Africa,3.355,2018,0.442,1.073,0.343,0.244,0.083,0.064,0,0,3,003,0,0,0,0,1,0
Yemen,Middle East and North Africa,3.38,2019,0.287,1.163,0.463,0.143,0.108,0.077,0,0,4,004,0,0,0,0,1,0
Zambia,Sub-Saharan Africa,5.129,2015,0.47038,0.91612,0.29924,0.48827,0.19591,0.12468,1,0,0,000,0,0,0,0,0,0
Zambia,Sub-Saharan Africa,4.795,2016,0.61202,0.6376,0.23573,0.42662,0.17866,0.11479,0,0,1,001,0,0,0,0,0,0
Zambia,Sub-Saharan Africa,4.513999939,2017,0.6364067793,1.0031872988,0.2578358948,0.4616034925,0.2495801449,0.0782135502,0,0,2,002,0,0,0,0,0,0
Zambia,Sub-Saharan Africa,4.377,2018,0.562,1.047,0.295,0.503,0.221,0.082,0,0,3,003,0,0,0,0,0,0
Zambia,Sub-Saharan Africa,4.107,2019,0.578,1.058,0.426,0.431,0.247,0.087,0,0,4,004,0,0,0,0,0,0
Zimbabwe,Sub-Saharan Africa,4.61,2015,0.271,1.03276,0.33475,0.25861,0.18987,0.08079,0,0,0,000,0,0,0,0,0,0
Zimbabwe,Sub-Saharan Africa,4.193,2016,0.35041,0.71478,0.1595,0.25429,0.18503,0.08582,0,0,1,001,0,0,0,0,0,0
Zimbabwe,Sub-Saharan Africa,3.875,2017,0.375846535,1.0830959082,0.1967637539,0.336384207,0.1891434938,0.0953753814,0,0,2,002,0,0,0,0,0,0
Zimbabwe,Sub-Saharan Africa,3.692,2018,0.357,1.094,0.248,0.406,0.132,0.099,0,0,3,003,0,0,0,0,0,0
Zimbabwe,Sub-Saharan Africa,3.663,2019,0.366,1.114,0.433,0.361,0.151,0.089,0,0,4,004,0,0,0,0,0,0
Austria,"NA, ANZ, and Western Europe",7.2,2015,1.33723,1.29704,0.89042,0.62433,0.33088,0.18676,1,1,0,000,0,0,0,0,0,1
Austria,"NA, ANZ, and Western Europe",7.119,2016,1.45038,1.08383,0.80565,0.54355,0.32865,0.21348,1,1,1,001,0,0,0,0,0,1
Austria,"NA, ANZ, and Western Europe",7.006000042,2017,1.4870972633,1.4599449635,0.8153284192,0.5677661896,0.3164723217,0.2210603654,1,1,2,002,0,0,0,0,0,1
Austria,"NA, ANZ, and Western Europe",7.139,2018,1.341,1.504,0.891,0.617,0.242,0.224,1,1,3,003,0,0,0,0,0,1
Austria,"NA, ANZ, and Western Europe",7.246,2019,1.376,1.475,1.016,0.532,0.244,0.226,1,1,4,004,0,0,0,0,0,1
Azerbaijan,Commonwealth of Independent States,5.212,2015,1.02389,0.93793,0.64045,0.3703,0.07799,0.16065,1,1,0,000,0,0,1,0,0,0
Azerbaijan,Commonwealth of Independent States,5.291,2016,1.12373,0.76042,0.54504,0.35327,0.0564,0.17914,1,1,1,001,0,0,1,0,0,0
Azerbaijan,Commonwealth of Independent States,5.234000206,2017,1.1536017656,1.1524002552,0.5407757759,0.3981558383,0.0452693403,0.1809875071,1,1,2,002,0,0,1,0,0,0
Azerbaijan,Commonwealth of Independent States,5.201,2018,1.024,1.161,0.603,0.43,0.031,0.176,1,1,3,003,0,0,1,0,0,0
Azerbaijan,Commonwealth of Independent States,5.208,2019,1.043,1.147,0.769,0.351,0.035,0.182,1,1,4,004,0,0,1,0,0,0
Bahrain,Middle East and North Africa,5.96,2015,1.32376,1.21624,0.74716,0.45492,0.17362,0.306,1,1,0,000,0,0,0,0,1,0
Bahrain,Middle East and North Africa,6.218,2016,1.44024,0.94397,0.65696,0.47375,0.17147,0.25772,1,1,1,001,0,0,0,0,1,0
Bahrain,Middle East and North Africa,6.0869998932,2017,1.488412261,1.3231104612,0.6531330347,0.5367469192,0.1726684868,0.2570421696,1,1,2,002,0,0,0,0,1,0
Bahrain,Middle East and North Africa,6.105,2018,1.338,1.366,0.698,0.594,0.243,0.123,1,1,3,003,0,0,0,0,1,0
Bahrain,Middle East and North Africa,6.199,2019,1.362,1.368,0.871,0.536,0.255,0.11,1,1,4,004,0,0,0,0,1,0
Bangladesh,Asia,4.694,2015,0.39753,0.43106,0.60164,0.4082,0.21222,0.12569,0,1,0,000,1,0,0,0,0,0
Bangladesh,Asia,4.643,2016,0.54177,0.24749,0.52989,0.39778,0.19132,0.12583,0,1,1,001,1,0,0,0,0,0
Bangladesh,Asia,4.6079998016,2017,0.5866829753,0.7351317406,0.5332410336,0.4783566594,0.1722553521,0.1237178594,0,1,2,002,1,0,0,0,0,0
Bangladesh,Asia,4.5,2018,0.532,0.85,0.579,0.58,0.153,0.144,0,1,3,003,1,0,0,0,0,0
Bangladesh,Asia,4.456,2019,0.562,0.928,0.723,0.527,0.166,0.143,0,1,4,004,1,0,0,0,0,0
Belarus,Commonwealth of Independent States,5.813,2015,1.03192,1.23289,0.73608,0.37938,0.11046,0.1909,1,1,0,000,0,0,1,0,0,0
Belarus,Commonwealth of Independent States,5.802,2016,1.13062,1.04993,0.63104,0.29091,0.13942,0.17457,1,1,1,001,0,0,1,0,0,0
Belarus,Commonwealth of Independent States,5.5689997673,2017,1.15655756,1.4449452162,0.6377142668,0.2954002619,0.1551375091,0.1563138217,1,1,2,002,0,0,1,0,0,0
Belarus,Commonwealth of Independent States,5.483,2018,1.039,1.498,0.7,0.307,0.101,0.154,1,1,3,003,0,0,1,0,0,0
Belarus,Commonwealth of Independent States,5.323,2019,1.067,1.465,0.789,0.235,0.094,0.142,1,1,4,004,0,0,1,0,0,0
Belgium,"NA, ANZ, and Western Europe",6.937,2015,1.30782,1.28566,0.89667,0.5845,0.2225,0.2254,1,1,0,000,0,0,0,0,0,1
Belgium,"NA, ANZ, and Western Europe",6.929,2016,1.42539,1.05249,0.81959,0.51354,0.2424,0.26248,1,1,1,001,0,0,0,0,0,1
Belgium,"NA, ANZ, and Western Europe",6.890999794,2017,1.4637807608,1.4623126984,0.8180918694,0.5397707224,0.2315033376,0.2513431311,1,1,2,002,0,0,0,0,0,1
Belgium,"NA, ANZ, and Western Europe",6.927,2018,1.324,1.483,0.894,0.583,0.188,0.24,1,1,3,003,0,0,0,0,0,1
Belgium,"NA, ANZ, and Western Europe",6.923,2019,1.356,1.504,0.986,0.473,0.16,0.21,1,1,4,004,0,0,0,0,0,1
Belize,Latin America and Caribbean,,2015,,,,,,,0,1,0,000,0,0,0,1,0,0
Belize,Latin America and Caribbean,5.956,2016,0.87616,0.68655,0.45569,0.51231,0.23684,0.10771,1,1,1,001,0,0,0,1,0,0
Belize,Latin America and Caribbean,5.9559998512,2017,0.907975316,1.081417799,0.450191766,0.5475093722,0.2400156409,0.0965810716,1,1,2,002,0,0,0,1,0,0
Belize,Latin America and Caribbean,5.956,2018,0.807,1.101,0.474,0.593,0.183,0.089,1,1,3,003,0,0,0,1,0,0
Belize,Latin America and Caribbean,,2019,,,,,,,0,1,4,004,0,0,0,1,0,0
Benin,Sub-Saharan Africa,3.34,2015,0.28665,0.35386,0.3191,0.4845,0.1826,0.0801,0,1,0,000,0,0,0,0,0,0
Benin,Sub-Saharan Africa,3.484,2016,0.39499,0.10419,0.21028,0.39747,0.2018,0.06681,0,1,1,001,0,0,0,0,0,0
Benin,Sub-Saharan Africa,3.6570000648,2017,0.4310854077,0.4352998435,0.2099302113,0.4259627759,0.2079484612,0.0609290153,0,1,2,002,0,0,0,0,0,0
Benin,Sub-Saharan Africa,4.141,2018,0.378,0.372,0.24,0.44,0.163,0.067,0,1,3,003,0,0,0,0,0,0
Benin,Sub-Saharan Africa,4.883,2019,0.393,0.437,0.397,0.349,0.175,0.082,0,1,4,004,0,0,0,0,0,0
Bhutan,Asia,5.253,2015,0.77042,1.10395,0.57407,0.53206,0.47998,0.15445,1,1,0,000,1,0,0,0,0,0
Bhutan,Asia,5.196,2016,0.8527,0.90836,0.49759,0.46074,0.48546,0.1616,1,1,1,001,1,0,0,0,0,0
Bhutan,Asia,5.0110001564,2017,0.8854163885,1.3401265144,0.4958792925,0.5015376806,0.4740545452,0.1733803898,1,1,2,002,1,0,0,0,0,0
Bhutan,Asia,5.082,2018,0.796,1.335,0.527,0.541,0.364,0.171,1,1,3,003,1,0,0,0,0,0
Bhutan,Asia,5.082,2019,0.813,1.321,0.604,0.457,0.37,0.167,1,1,4,004,1,0,0,0,0,0
Bolivia,Latin America and Caribbean,5.89,2015,0.68133,0.97841,0.5392,0.57414,0.20536,0.088,1,1,0,000,0,0,0,1,0,0
Bolivia,Latin America and Caribbean,5.822,2016,0.79422,0.83779,0.4697,0.50961,0.21698,0.07746,1,1,1,001,0,0,0,1,0,0
Bolivia,Latin America and Caribbean,5.8229999542,2017,0.833756566,1.2276190519,0.4736302495,0.5587329268,0.2255607247,0.0604777262,1,1,2,002,0,0,0,1,0,0
Bolivia,Latin America and Caribbean,5.752,2018,0.751,1.223,0.508,0.606,0.141,0.054,1,1,3,003,0,0,0,1,0,0
Bolivia,Latin America and Caribbean,5.779,2019,0.776,1.209,0.706,0.511,0.137,0.064,1,1,4,004,0,0,0,1,0,0
Bosnia and Herzegovina,Central and Eastern Europe,4.949,2015,0.83223,0.91916,0.79081,0.09245,0.24808,0.00227,0,1,0,000,0,1,0,0,0,0
Bosnia and Herzegovina,Central and Eastern Europe,5.163,2016,0.93383,0.64367,0.70766,0.09511,0.29889,0,1,1,1,001,0,1,0,0,0,0
Bosnia and Herzegovina,Central and Eastern Europe,5.1820001602,2017,0.9824094176,1.0693359375,0.7051863074,0.2044031769,0.3288674951,0,1,1,2,002,0,1,0,0,0,0
Bosnia and Herzegovina,Central and Eastern Europe,5.129,2018,0.915,1.078,0.758,0.28,0.216,0,1,1,3,003,0,1,0,0,0,0
Bosnia and Herzegovina,Central and Eastern Europe,5.386,2019,0.945,1.212,0.845,0.212,0.263,0.006,1,1,4,004,0,1,0,0,0,0
Botswana,Sub-Saharan Africa,4.332,2015,0.99355,1.10464,0.04776,0.49495,0.10461,0.12474,0,1,0,000,0,0,0,0,0,0
Botswana,Sub-Saharan Africa,3.974,2016,1.09426,0.89186,0.34752,0.44089,0.12425,0.10769,0,1,1,001,0,0,0,0,0,0
Botswana,Sub-Saharan Africa,3.7660000324,2017,1.1220941544,1.2215549946,0.3417555094,0.5051963329,0.0993484482,0.0985831991,0,1,2,002,0,0,0,0,0,0
Botswana,Sub-Saharan Africa,3.59,2018,1.017,1.174,0.417,0.557,0.042,0.092,0,1,3,003,0,0,0,0,0,0
Botswana,Sub-Saharan Africa,3.488,2019,1.041,1.145,0.538,0.455,0.025,0.1,0,1,4,004,0,0,0,0,0,0
Brazil,Latin America and Caribbean,6.983,2015,0.98124,1.23287,0.69702,0.49049,0.14574,0.17521,1,1,0,000,0,0,0,1,0,0
Brazil,Latin America and Caribbean,6.952,2016,1.08754,1.03938,0.61415,0.40425,0.15776,0.14166,1,1,1,001,0,0,0,1,0,0
Brazil,Latin America and Caribbean,6.6350002289,2017,1.1073532104,1.4313060045,0.6165523529,0.4374537468,0.1623498946,0.1110927612,1,1,2,002,0,0,0,1,0,0
Brazil,Latin America and Caribbean,6.419,2018,0.986,1.474,0.675,0.493,0.11,0.088,1,1,3,003,0,0,0,1,0,0
Brazil,Latin America and Caribbean,6.3,2019,1.004,1.439,0.802,0.39,0.099,0.086,1,1,4,004,0,0,0,1,0,0
Bulgaria,Central and Eastern Europe,4.218,2015,1.01216,1.10614,0.76649,0.30587,0.11921,0.00872,0,1,0,000,0,1,0,0,0,0
Bulgaria,Central and Eastern Europe,4.217,2016,1.11306,0.92542,0.67806,0.21219,0.12793,0.00615,0,1,1,001,0,1,0,0,0,0
Bulgaria,Central and Eastern Europe,4.7140002251,2017,1.1614590883,1.4343794584,0.7082176805,0.2892317176,0.1131776944,0.0110515309,0,1,2,002,0,1,0,0,0,0
Bulgaria,Central and Eastern Europe,4.933,2018,1.054,1.515,0.712,0.359,0.064,0.009,0,1,3,003,0,1,0,0,0,0
Bulgaria,Central and Eastern Europe,5.011,2019,1.092,1.513,0.815,0.311,0.081,0.004,1,1,4,004,0,1,0,0,0,0
Burkina Faso,Sub-Saharan Africa,3.587,2015,0.25812,0.85188,0.27125,0.39493,0.21747,0.12832,0,1,0,000,0,0,0,0,0,0
Burkina Faso,Sub-Saharan Africa,3.739,2016,0.31995,0.63054,0.21297,0.3337,0.24353,0.12533,0,1,1,001,0,0,0,0,0,0
Burkina Faso,Sub-Saharan Africa,4.0320000648,2017,0.3502277136,1.0432800055,0.2158442587,0.324367851,0.2508646846,0.120328106,0,1,2,002,0,0,0,0,0,0
Burkina Faso,Sub-Saharan Africa,4.424,2018,0.314,1.097,0.254,0.312,0.175,0.128,0,1,3,003,0,0,0,0,0,0
Burkina Faso,Sub-Saharan Africa,4.587,2019,0.331,1.056,0.38,0.255,0.177,0.113,0,1,4,004,0,0,0,0,0,0
Burundi,Sub-Saharan Africa,2.905,2015,0.0153,0.41587,0.22396,0.1185,0.19727,0.10062,0,1,0,000,0,0,0,0,0,0
Burundi,Sub-Saharan Africa,2.905,2016,0.06831,0.23442,0.15747,0.0432,0.2029,0.09419,0,1,1,001,0,0,0,0,0,0
Burundi,Sub-Saharan Africa,2.9049999714,2017,0.0916225687,0.6297935843,0.1516107917,0.0599007532,0.2044351846,0.084147945,0,1,2,002,0,0,0,0,0,0
Burundi,Sub-Saharan Africa,2.905,2018,0.091,0.627,0.145,0.065,0.149,0.076,0,1,3,003,0,0,0,0,0,0
Burundi,Sub-Saharan Africa,3.775,2019,0.046,0.447,0.38,0.22,0.176,0.18,0,1,4,004,0,0,0,0,0,0
Cambodia,Asia,3.819,2015,0.46038,0.62736,0.61114,0.66246,0.40359,0.07247,0,1,0,000,1,0,0,0,0,0
Cambodia,Asia,3.907,2016,0.55604,0.5375,0.42494,0.58852,0.40339,0.08092,0,1,1,001,1,0,0,0,0,0
Cambodia,Asia,4.1680002213,2017,0.6017650962,1.0062383413,0.4297834039,0.6333758235,0.3859229684,0.068105951,0,1,2,002,1,0,0,0,0,0
Cambodia,Asia,4.433,2018,0.549,1.088,0.457,0.696,0.256,0.065,0,1,3,003,1,0,0,0,0,0
Cambodia,Asia,4.7,2019,0.574,1.122,0.637,0.609,0.232,0.062,0,1,4,004,1,0,0,0,0,0
Canada,"NA, ANZ, and Western Europe",7.427,2015,1.32629,1.32261,0.90563,0.63297,0.45811,0.32957,1,1,0,000,0,0,0,0,0,1
Canada,"NA, ANZ, and Western Europe",7.404,2016,1.44015,1.0961,0.8276,0.5737,0.44834,0.31329,1,1,1,001,0,0,0,0,0,1
Canada,"NA, ANZ, and Western Europe",7.3159999847,2017,1.4792044163,1.4813489914,0.8345576525,0.6111009121,0.4355397224,0.2873715162,1,1,2,002,0,0,0,0,0,1
Canada,"NA, ANZ, and Western Europe",7.328,2018,1.33,1.532,0.896,0.653,0.321,0.291,1,1,3,003,0,0,0,0,0,1
Canada,"NA, ANZ, and Western Europe",7.278,2019,1.365,1.505,1.039,0.584,0.285,0.308,1,1,4,004,0,0,0,0,0,1
Chile,Latin America and Caribbean,6.67,2015,1.10715,1.12447,0.85857,0.44132,0.33363,0.12869,1,1,0,000,0,0,0,1,0,0
Chile,Latin America and Caribbean,6.705,2016,1.2167,0.90587,0.81883,0.37789,0.31595,0.11451,1,1,1,001,0,0,0,1,0,0
Chile,Latin America and Caribbean,6.6519999504,2017,1.2527846098,1.2840249538,0.8194797039,0.3768952787,0.3266624212,0.0822879821,1,1,2,002,0,0,0,1,0,0
Chile,Latin America and Caribbean,6.476,2018,1.131,1.331,0.808,0.431,0.197,0.061,1,1,3,003,0,0,0,1,0,0
Chile,Latin America and Caribbean,6.444,2019,1.159,1.369,0.92,0.357,0.187,0.056,1,1,4,004,0,0,0,1,0,0
China,Asia,5.14,2015,0.89012,0.94675,0.81658,0.51697,0.08185,0.02781,1,1,0,000,1,0,0,0,0,0
China,Asia,5.245,2016,1.0278,0.79381,0.73561,0.44012,0.04959,0.02745,1,1,1,001,1,0,0,0,0,0
China,Asia,5.2729997635,2017,1.0811657906,1.1608374119,0.7414155006,0.472787708,0.028806841,0.0227942746,1,1,2,002,1,0,0,0,0,0
China,Asia,5.246,2018,0.989,1.142,0.799,0.597,0.029,0.103,1,1,3,003,1,0,0,0,0,0
China,Asia,5.191,2019,1.029,1.125,0.893,0.521,0.058,0.1,1,1,4,004,1,0,0,0,0,0
Croatia,Central and Eastern Europe,5.759,2015,1.08254,0.79624,0.78805,0.25883,0.05444,0.0243,1,1,0,000,0,1,0,0,0,0
Croatia,Central and Eastern Europe,5.488,2016,1.18649,0.60809,0.70524,0.23907,0.18434,0.04002,1,1,1,001,0,1,0,0,0,0
Croatia,Central and Eastern Europe,5.2930002213,2017,1.2225562334,0.9679830074,0.7012885213,0.2557722926,0.2480029762,0.04310311,1,1,2,002,0,1,0,0,0,0
Croatia,Central and Eastern Europe,5.321,2018,1.115,1.161,0.737,0.38,0.12,0.039,1,1,3,003,0,1,0,0,0,0
Croatia,Central and Eastern Europe,5.432,2019,1.155,1.266,0.914,0.296,0.119,0.022,1,1,4,004,0,1,0,0,0,0
Cyprus,"NA, ANZ, and Western Europe",5.689,2015,1.20813,0.89318,0.92356,0.40672,0.30638,0.06146,1,1,0,000,0,0,0,0,0,1
Cyprus,"NA, ANZ, and Western Europe",5.546,2016,1.31857,0.70697,0.8488,0.29507,0.27906,0.05228,1,1,1,001,0,0,0,0,0,1
Cyprus,"NA, ANZ, and Western Europe",5.6209998131,2017,1.355938077,1.1313632727,0.8447147012,0.3551115394,0.2712543011,0.0412379764,1,1,2,002,0,0,0,0,0,1
Cyprus,"NA, ANZ, and Western Europe",5.762,2018,1.229,1.191,0.909,0.423,0.202,0.035,1,1,3,003,0,0,0,0,0,1
Cyprus,"NA, ANZ, and Western Europe",6.046,2019,1.263,1.223,1.042,0.406,0.19,0.041,1,1,4,004,0,0,0,0,0,1
Czech Republic,Central and Eastern Europe,6.505,2015,1.17898,1.20643,0.84483,0.46364,0.10686,0.02652,1,1,0,000,0,1,0,0,0,0
Czech Republic,Central and Eastern Europe,6.596,2016,1.30915,1.00793,0.76376,0.41418,0.09929,0.03986,1,1,1,001,0,1,0,0,0,0
Czech Republic,Central and Eastern Europe,6.609000206,2017,1.3526823521,1.4338852167,0.7544440031,0.4909461737,0.0881067589,0.0368729271,1,1,2,002,0,1,0,0,0,0
Czech Republic,Central and Eastern Europe,6.711,2018,1.233,1.489,0.854,0.543,0.064,0.034,1,1,3,003,0,1,0,0,0,0
Czech Republic,Central and Eastern Europe,6.852,2019,1.269,1.487,0.92,0.457,0.046,0.036,1,1,4,004,0,1,0,0,0,0
Egypt,Middle East and North Africa,4.194,2015,0.8818,0.747,0.61712,0.17288,0.11291,0.06324,0,1,0,000,0,0,0,0,1,0
Egypt,Middle East and North Africa,4.362,2016,0.95395,0.49813,0.52116,0.18847,0.12706,0.10393,0,1,1,001,0,0,0,0,1,0
Egypt,Middle East and North Africa,4.7350001335,2017,0.9897018075,0.9974713922,0.5201872587,0.2821101546,0.1286314428,0.1143813655,0,1,2,002,0,0,0,0,1,0
Egypt,Middle East and North Africa,4.419,2018,0.885,1.025,0.553,0.312,0.092,0.107,0,1,3,003,0,0,0,0,1,0
Egypt,Middle East and North Africa,4.166,2019,0.913,1.039,0.644,0.241,0.076,0.067,0,1,4,004,0,0,0,0,1,0
Georgia,Commonwealth of Independent States,4.297,2015,0.7419,0.38562,0.72926,0.40577,0.05547,0.38331,0,1,0,000,0,0,1,0,0,0
Georgia,Commonwealth of Independent States,4.252,2016,0.83792,0.19249,0.64035,0.32461,0.06786,0.3188,0,1,1,001,0,0,1,0,0,0
Georgia,Commonwealth of Independent States,4.2859997749,2017,0.9506126642,0.570614934,0.6495469809,0.3094100356,0.0540088154,0.2516666353,0,1,2,002,0,0,1,0,0,0
Georgia,Commonwealth of Independent States,4.34,2018,0.853,0.592,0.643,0.375,0.038,0.215,0,1,3,003,0,0,1,0,0,0
Georgia,Commonwealth of Independent States,4.519,2019,0.886,0.666,0.752,0.346,0.043,0.164,0,1,4,004,0,0,1,0,0,0
Iran,Middle East and North Africa,4.686,2015,1.0088,0.54447,0.69805,0.30033,0.38086,0.05863,0,1,0,000,0,0,0,0,1,0
Iran,Middle East and North Africa,4.813,2016,1.11758,0.38857,0.64232,0.22544,0.38538,0.0557,0,1,1,001,0,0,0,0,1,0
Iran,Middle East and North Africa,4.6919999123,2017,1.156873107,0.711551249,0.6393331885,0.2493226081,0.3872429132,0.0487610735,0,1,2,002,0,0,0,0,1,0
Iran,Middle East and North Africa,4.707,2018,1.059,0.771,0.691,0.459,0.282,0.129,0,1,3,003,0,0,0,0,1,0
Iran,Middle East and North Africa,4.548,2019,1.1,0.842,0.785,0.305,0.27,0.125,0,1,4,004,0,0,0,0,1,0
Iraq,Middle East and North Africa,4.677,2015,0.98549,0.81889,0.60237,0,0.17922,0.13788,0,1,0,000,0,0,0,0,1,0
Iraq,Middle East and North Africa,4.575,2016,1.07474,0.59205,0.51076,0.24856,0.19589,0.13636,0,1,1,001,0,0,0,0,1,0
Iraq,Middle East and North Africa,4.4970002174,2017,1.1027104855,0.9786131978,0.50118047,0.2885555327,0.199637264,0.1072157547,0,1,2,002,0,0,0,0,1,0
Iraq,Middle East and North Africa,4.456,2018,1.01,0.971,0.536,0.304,0.148,0.095,0,1,3,003,0,0,0,0,1,0
Iraq,Middle East and North Africa,4.437,2019,1.043,0.98,0.574,0.241,0.148,0.089,0,1,4,004,0,0,0,0,1,0
Kazakhstan,Commonwealth of Independent States,5.855,2015,1.12254,1.12241,0.64368,0.51649,0.11827,0.08454,1,1,0,000,0,0,1,0,0,0
Kazakhstan,Commonwealth of Independent States,5.919,2016,1.22943,0.95544,0.57386,0.4052,0.15011,0.11132,1,1,1,001,0,0,1,0,0,0
Kazakhstan,Commonwealth of Independent States,5.8189997673,2017,1.2845562696,1.3843690157,0.6060415506,0.4374542832,0.2019644231,0.1192828864,1,1,2,002,0,0,1,0,0,0
Kazakhstan,Commonwealth of Independent States,5.79,2018,1.143,1.516,0.631,0.454,0.148,0.121,1,1,3,003,0,0,1,0,0,0
Kazakhstan,Commonwealth of Independent States,5.809,2019,1.173,1.508,0.729,0.41,0.146,0.096,1,1,4,004,0,0,1,0,0,0
